,Id,CheckingStatus,LoanDuration,CreditHistory,LoanPurpose,LoanAmount,ExistingSavings,EmploymentDuration,InstallmentPercent,Sex,OthersOnLoan,CurrentResidenceDuration,OwnsProperty,Age,InstallmentPlans,Housing,ExistingCreditsCount,Job,Dependents,Telephone,ForeignWorker,0
0,0,no_checking,9,prior_payments_delayed,car_new,1032,100_to_500,4_to_7,3,male,none,4,savings_insurance,41,none,own,1,management_self-employed,1,none,yes,No Risk
1,1,less_0,5,all_credits_paid_back,car_new,1523,less_100,unemployed,2,female,none,2,real_estate,19,none,rent,1,management_self-employed,1,none,yes,No Risk
2,2,no_checking,39,prior_payments_delayed,repairs,7150,500_to_1000,4_to_7,3,male,co-applicant,4,unknown,52,none,own,2,skilled,1,yes,yes,Risk
3,3,0_to_200,15,prior_payments_delayed,furniture,250,500_to_1000,4_to_7,3,male,none,2,savings_insurance,24,none,own,2,skilled,2,yes,yes,No Risk
4,4,0_to_200,16,prior_payments_delayed,car_new,5551,100_to_500,1_to_4,3,male,none,3,car_other,34,none,rent,2,management_self-employed,1,none,yes,No Risk
5,5,less_0,15,credits_paid_to_date,vacation,250,less_100,4_to_7,2,female,none,2,real_estate,19,stores,rent,1,skilled,1,none,yes,No Risk
6,6,0_to_200,33,credits_paid_to_date,repairs,3946,less_100,4_to_7,2,female,none,2,car_other,33,stores,own,1,unskilled,1,none,yes,No Risk
7,7,no_checking,20,prior_payments_delayed,appliances,2827,unknown,4_to_7,3,male,co-applicant,3,savings_insurance,31,none,own,1,skilled,1,none,yes,Risk
8,8,less_0,21,prior_payments_delayed,car_used,319,100_to_500,greater_7,3,male,none,3,savings_insurance,32,none,rent,1,skilled,1,none,yes,No Risk
9,9,less_0,15,prior_payments_delayed,car_used,1420,100_to_500,4_to_7,2,male,none,3,car_other,35,stores,rent,1,skilled,1,none,yes,No Risk
10,10,greater_200,14,prior_payments_delayed,car_new,1683,100_to_500,1_to_4,3,male,co-applicant,4,savings_insurance,35,none,own,1,skilled,1,yes,yes,Risk
11,11,no_checking,28,prior_payments_delayed,repairs,3789,100_to_500,4_to_7,4,male,none,4,car_other,29,none,own,2,skilled,1,none,yes,No Risk
12,12,no_checking,26,prior_payments_delayed,radio_tv,6402,100_to_500,4_to_7,4,female,none,4,unknown,52,none,free,2,skilled,1,yes,yes,Risk
13,13,no_checking,37,prior_payments_delayed,other,6971,500_to_1000,1_to_4,3,male,none,3,savings_insurance,54,none,own,2,skilled,1,yes,yes,Risk
14,14,less_0,17,credits_paid_to_date,car_new,1880,less_100,less_1,3,female,co-applicant,2,savings_insurance,41,none,own,1,skilled,1,none,yes,No Risk
15,15,no_checking,32,prior_payments_delayed,radio_tv,5105,500_to_1000,1_to_4,4,male,none,5,savings_insurance,44,none,own,2,management_self-employed,1,none,yes,No Risk
16,16,no_checking,36,prior_payments_delayed,appliances,5927,unknown,greater_7,4,male,co-applicant,3,savings_insurance,47,none,own,2,skilled,1,none,yes,Risk
17,17,no_checking,32,prior_payments_delayed,radio_tv,10584,100_to_500,1_to_4,3,male,co-applicant,3,unknown,46,stores,own,2,unskilled,2,yes,yes,Risk
18,18,0_to_200,14,credits_paid_to_date,car_used,1144,100_to_500,less_1,2,female,none,2,real_estate,33,none,rent,1,skilled,1,none,yes,No Risk
19,19,no_checking,15,credits_paid_to_date,retraining,4014,less_100,1_to_4,4,male,co-applicant,4,savings_insurance,33,none,own,1,skilled,1,yes,yes,No Risk
20,20,greater_200,5,credits_paid_to_date,car_used,250,less_100,4_to_7,3,male,none,2,savings_insurance,42,none,rent,1,skilled,1,none,yes,No Risk
21,21,no_checking,32,outstanding_credit,appliances,8032,500_to_1000,1_to_4,3,male,none,3,unknown,41,none,own,1,skilled,1,none,yes,No Risk
22,22,less_0,4,all_credits_paid_back,car_new,250,less_100,unemployed,1,male,none,1,real_estate,19,none,rent,1,skilled,1,none,yes,No Risk
23,23,less_0,7,credits_paid_to_date,vacation,250,less_100,4_to_7,3,female,none,3,real_estate,19,none,own,1,skilled,1,none,yes,No Risk
24,24,no_checking,25,prior_payments_delayed,radio_tv,7587,500_to_1000,1_to_4,4,male,none,4,car_other,38,none,own,2,management_self-employed,1,none,yes,No Risk
25,25,0_to_200,4,prior_payments_delayed,car_used,357,less_100,less_1,2,female,none,2,savings_insurance,34,bank,rent,1,unskilled,1,none,yes,No Risk
26,26,no_checking,35,outstanding_credit,appliances,6996,unknown,greater_7,5,male,co-applicant,4,unknown,52,stores,own,2,unskilled,2,yes,yes,Risk
27,27,0_to_200,23,prior_payments_delayed,retraining,2964,less_100,less_1,2,male,none,3,real_estate,32,none,own,1,skilled,1,yes,yes,No Risk
28,28,no_checking,25,outstanding_credit,education,5614,500_to_1000,1_to_4,4,male,none,3,car_other,45,none,own,1,management_self-employed,1,none,yes,No Risk
29,29,less_0,4,all_credits_paid_back,vacation,2064,less_100,1_to_4,2,female,none,1,savings_insurance,19,bank,rent,1,unskilled,1,none,yes,No Risk
30,30,no_checking,25,credits_paid_to_date,car_used,2056,500_to_1000,4_to_7,3,male,none,4,real_estate,30,stores,own,2,skilled,1,none,yes,No Risk
31,31,less_0,14,all_credits_paid_back,car_used,250,less_100,1_to_4,1,female,none,2,car_other,33,stores,rent,1,unskilled,1,none,yes,No Risk
32,32,no_checking,8,credits_paid_to_date,furniture,463,greater_1000,4_to_7,3,male,none,4,savings_insurance,42,none,own,2,skilled,1,yes,yes,Risk
33,33,no_checking,16,credits_paid_to_date,repairs,6907,less_100,less_1,4,female,none,3,car_other,34,none,own,1,management_self-employed,1,yes,yes,No Risk
34,34,less_0,15,credits_paid_to_date,furniture,250,less_100,4_to_7,2,male,none,1,savings_insurance,27,stores,own,1,skilled,1,none,yes,No Risk
35,35,less_0,16,prior_payments_delayed,car_new,1149,less_100,1_to_4,3,male,none,2,savings_insurance,45,none,own,2,skilled,1,yes,yes,No Risk
36,36,no_checking,40,outstanding_credit,retraining,7846,greater_1000,greater_7,4,male,guarantor,4,unknown,56,none,free,2,skilled,1,yes,yes,Risk
37,37,no_checking,13,all_credits_paid_back,furniture,778,less_100,4_to_7,2,male,none,2,savings_insurance,22,none,rent,1,skilled,1,none,yes,No Risk
38,38,0_to_200,25,outstanding_credit,furniture,1244,100_to_500,1_to_4,2,female,none,3,savings_insurance,40,stores,free,2,skilled,1,yes,yes,No Risk
39,39,no_checking,35,prior_payments_delayed,repairs,5601,unknown,4_to_7,4,male,none,5,car_other,42,none,rent,2,skilled,1,yes,yes,No Risk
40,40,0_to_200,4,prior_payments_delayed,car_new,250,less_100,1_to_4,2,male,none,2,real_estate,29,none,own,1,skilled,1,none,yes,No Risk
41,41,0_to_200,21,prior_payments_delayed,retraining,5308,greater_1000,greater_7,3,male,none,3,unknown,40,none,own,2,skilled,1,none,yes,Risk
42,42,0_to_200,6,prior_payments_delayed,car_new,3452,less_100,4_to_7,3,male,co-applicant,4,car_other,48,none,own,1,skilled,1,none,yes,Risk
43,43,less_0,4,credits_paid_to_date,car_new,250,less_100,1_to_4,2,female,none,2,real_estate,22,none,own,1,skilled,1,none,yes,No Risk
44,44,greater_200,24,credits_paid_to_date,radio_tv,5600,less_100,less_1,4,male,none,3,car_other,38,stores,own,2,unskilled,1,none,yes,No Risk
45,45,no_checking,11,credits_paid_to_date,furniture,2187,less_100,1_to_4,3,female,none,2,real_estate,33,none,own,1,skilled,1,yes,yes,No Risk
46,46,0_to_200,36,outstanding_credit,appliances,5495,unknown,greater_7,5,female,none,3,unknown,49,none,own,2,skilled,2,yes,yes,Risk
47,47,no_checking,9,credits_paid_to_date,car_new,1884,less_100,less_1,2,female,none,3,savings_insurance,27,stores,own,1,unskilled,1,yes,yes,No Risk
48,48,0_to_200,14,credits_paid_to_date,car_new,2886,100_to_500,unemployed,1,male,none,1,savings_insurance,29,stores,own,1,skilled,1,none,yes,No Risk
49,49,0_to_200,4,all_credits_paid_back,car_new,250,100_to_500,less_1,2,female,none,3,real_estate,26,bank,rent,1,unskilled,1,none,yes,No Risk
50,50,0_to_200,14,credits_paid_to_date,vacation,2511,100_to_500,1_to_4,2,female,none,1,real_estate,29,none,own,1,skilled,1,none,yes,No Risk
51,51,no_checking,41,credits_paid_to_date,appliances,2901,100_to_500,4_to_7,4,female,none,3,savings_insurance,36,none,own,1,skilled,1,none,yes,Risk
52,52,no_checking,36,outstanding_credit,repairs,5673,unknown,greater_7,5,male,none,4,unknown,48,none,own,2,skilled,1,none,yes,Risk
53,53,less_0,14,all_credits_paid_back,car_used,1543,less_100,less_1,2,female,none,2,real_estate,21,none,rent,1,skilled,1,none,yes,No Risk
54,54,no_checking,10,credits_paid_to_date,car_used,5056,less_100,4_to_7,3,male,none,3,savings_insurance,47,none,own,3,skilled,1,yes,yes,Risk
55,55,no_checking,36,prior_payments_delayed,other,3114,unknown,4_to_7,3,male,none,4,savings_insurance,27,bank,own,1,unemployed,1,none,yes,No Risk
56,56,0_to_200,15,prior_payments_delayed,vacation,5913,less_100,1_to_4,4,male,none,2,unknown,40,none,own,2,management_self-employed,1,none,yes,No Risk
57,57,no_checking,29,outstanding_credit,appliances,6238,500_to_1000,4_to_7,3,male,none,3,car_other,41,none,own,1,skilled,1,none,yes,No Risk
58,58,less_0,11,all_credits_paid_back,car_new,250,less_100,unemployed,1,male,none,1,real_estate,26,bank,rent,1,unskilled,1,none,yes,No Risk
59,59,less_0,13,all_credits_paid_back,car_used,1820,100_to_500,unemployed,2,female,none,3,car_other,28,none,rent,2,skilled,2,none,yes,No Risk
60,60,no_checking,41,outstanding_credit,repairs,3423,unknown,greater_7,5,male,none,5,savings_insurance,56,none,free,2,skilled,1,yes,yes,Risk
61,61,no_checking,30,prior_payments_delayed,appliances,6703,unknown,greater_7,4,male,none,3,car_other,54,none,own,2,skilled,1,yes,yes,No Risk
62,62,no_checking,17,credits_paid_to_date,car_new,2720,100_to_500,1_to_4,3,male,none,4,savings_insurance,34,none,rent,1,management_self-employed,1,none,yes,No Risk
63,63,no_checking,33,prior_payments_delayed,furniture,4603,500_to_1000,greater_7,4,male,none,3,unknown,59,none,own,2,skilled,1,yes,yes,Risk
64,64,no_checking,21,credits_paid_to_date,retraining,4789,100_to_500,greater_7,3,male,none,4,savings_insurance,43,none,own,2,management_self-employed,1,yes,yes,Risk
65,65,greater_200,22,credits_paid_to_date,car_used,250,less_100,1_to_4,3,female,none,3,real_estate,37,none,own,1,skilled,1,none,yes,No Risk
66,66,no_checking,28,prior_payments_delayed,car_used,4649,100_to_500,4_to_7,4,female,none,3,savings_insurance,44,none,own,2,skilled,1,none,yes,Risk
67,67,less_0,4,all_credits_paid_back,car_new,250,less_100,1_to_4,1,male,none,2,real_estate,19,stores,rent,2,unskilled,1,none,yes,No Risk
68,68,no_checking,30,prior_payments_delayed,car_used,5241,100_to_500,1_to_4,2,male,none,3,savings_insurance,37,none,own,1,skilled,2,yes,yes,No Risk
69,69,0_to_200,42,prior_payments_delayed,repairs,1420,500_to_1000,greater_7,3,female,none,2,car_other,26,stores,own,1,unskilled,1,none,yes,Risk
70,70,0_to_200,28,credits_paid_to_date,radio_tv,337,100_to_500,less_1,1,female,none,2,car_other,21,stores,own,1,skilled,1,none,yes,No Risk
71,71,no_checking,31,prior_payments_delayed,business,6811,100_to_500,1_to_4,3,male,none,4,savings_insurance,56,none,own,2,management_self-employed,2,yes,yes,Risk
72,72,no_checking,40,prior_payments_delayed,vacation,6795,greater_1000,4_to_7,3,female,co-applicant,2,unknown,40,bank,own,2,unskilled,2,yes,yes,Risk
73,73,0_to_200,33,outstanding_credit,vacation,1006,500_to_1000,4_to_7,4,male,none,3,car_other,26,none,own,2,skilled,1,none,yes,No Risk
74,74,0_to_200,17,credits_paid_to_date,car_new,250,less_100,less_1,1,female,none,1,real_estate,27,none,own,1,skilled,1,none,yes,No Risk
75,75,0_to_200,25,credits_paid_to_date,retraining,4411,less_100,4_to_7,2,male,none,1,savings_insurance,35,stores,own,2,skilled,1,none,yes,No Risk
76,76,0_to_200,23,outstanding_credit,appliances,2649,500_to_1000,1_to_4,2,male,none,2,car_other,32,none,own,2,skilled,1,none,yes,No Risk
77,77,greater_200,21,credits_paid_to_date,radio_tv,4722,less_100,4_to_7,3,female,none,3,car_other,44,none,own,2,skilled,1,none,yes,Risk
78,78,no_checking,50,outstanding_credit,appliances,10184,greater_1000,greater_7,5,male,co-applicant,5,unknown,53,none,own,3,skilled,2,yes,yes,Risk
79,79,0_to_200,30,credits_paid_to_date,education,2875,less_100,1_to_4,2,male,none,3,real_estate,33,none,own,2,skilled,1,yes,yes,No Risk
80,80,no_checking,33,prior_payments_delayed,furniture,5692,500_to_1000,1_to_4,4,female,none,3,unknown,38,bank,own,2,unemployed,1,yes,yes,Risk
81,81,less_0,9,prior_payments_delayed,car_new,4609,less_100,1_to_4,3,male,none,2,savings_insurance,36,none,rent,1,skilled,2,none,yes,No Risk
82,82,less_0,8,prior_payments_delayed,car_new,368,less_100,less_1,2,female,none,2,real_estate,29,none,rent,1,skilled,1,none,yes,No Risk
83,83,less_0,12,all_credits_paid_back,furniture,250,less_100,less_1,1,male,none,2,real_estate,19,none,rent,1,skilled,1,none,yes,No Risk
84,84,0_to_200,14,all_credits_paid_back,car_used,3072,less_100,1_to_4,3,female,none,3,real_estate,30,none,rent,1,management_self-employed,1,none,yes,No Risk
85,85,no_checking,27,prior_payments_delayed,business,5245,100_to_500,1_to_4,3,male,none,4,savings_insurance,46,none,own,1,management_self-employed,2,yes,yes,No Risk
86,86,less_0,4,all_credits_paid_back,car_new,250,less_100,unemployed,1,male,none,2,real_estate,26,stores,rent,1,skilled,1,none,yes,No Risk
87,87,0_to_200,12,credits_paid_to_date,vacation,1376,less_100,less_1,3,female,none,1,real_estate,22,none,own,1,skilled,1,none,yes,No Risk
88,88,0_to_200,31,outstanding_credit,furniture,3811,100_to_500,4_to_7,3,male,none,2,car_other,34,none,own,1,skilled,1,none,yes,No Risk
89,89,no_checking,13,credits_paid_to_date,car_used,1506,less_100,4_to_7,4,male,none,4,savings_insurance,36,none,own,2,management_self-employed,1,none,yes,No Risk
90,90,0_to_200,4,no_credits,repairs,250,less_100,less_1,1,male,none,2,real_estate,24,none,rent,1,skilled,1,none,yes,No Risk
91,91,no_checking,22,prior_payments_delayed,car_used,2916,500_to_1000,1_to_4,3,male,none,3,savings_insurance,27,none,own,1,skilled,1,none,yes,No Risk
92,92,0_to_200,26,credits_paid_to_date,radio_tv,3261,less_100,less_1,3,male,none,3,real_estate,36,none,own,1,management_self-employed,1,none,yes,No Risk
93,93,no_checking,26,prior_payments_delayed,car_used,4660,100_to_500,1_to_4,3,female,guarantor,4,savings_insurance,60,none,own,2,skilled,1,yes,yes,Risk
94,94,greater_200,32,outstanding_credit,furniture,1528,greater_1000,1_to_4,4,male,none,4,car_other,29,none,own,1,skilled,1,none,yes,No Risk
95,95,0_to_200,28,credits_paid_to_date,car_used,2605,less_100,1_to_4,3,female,none,3,savings_insurance,36,none,free,1,skilled,1,none,no,No Risk
96,96,no_checking,37,credits_paid_to_date,appliances,4989,100_to_500,greater_7,4,male,none,3,savings_insurance,39,none,own,2,skilled,2,yes,yes,Risk
97,97,no_checking,38,outstanding_credit,appliances,3176,greater_1000,greater_7,4,male,co-applicant,4,car_other,70,none,own,2,skilled,1,yes,yes,Risk
98,98,no_checking,32,prior_payments_delayed,car_used,5497,500_to_1000,4_to_7,4,male,guarantor,5,car_other,51,none,free,2,skilled,1,yes,yes,Risk
99,99,less_0,7,no_credits,car_new,250,less_100,unemployed,2,male,none,2,real_estate,19,none,rent,1,skilled,1,none,yes,No Risk
100,100,less_0,24,credits_paid_to_date,car_used,1380,less_100,4_to_7,2,male,none,1,savings_insurance,30,stores,own,1,skilled,1,none,no,No Risk
101,101,0_to_200,21,outstanding_credit,business,5921,less_100,greater_7,4,male,none,4,savings_insurance,39,none,own,1,skilled,1,none,yes,No Risk
102,102,no_checking,29,credits_paid_to_date,furniture,7061,100_to_500,1_to_4,3,female,none,4,savings_insurance,38,bank,own,2,unskilled,1,none,yes,Risk
103,103,no_checking,24,prior_payments_delayed,radio_tv,7762,greater_1000,less_1,4,male,none,3,savings_insurance,39,none,own,2,management_self-employed,1,none,yes,No Risk
104,104,less_0,9,prior_payments_delayed,furniture,3047,less_100,1_to_4,3,male,none,3,savings_insurance,35,bank,own,1,unskilled,1,yes,yes,No Risk
105,105,no_checking,26,prior_payments_delayed,radio_tv,1710,100_to_500,4_to_7,3,female,none,3,real_estate,43,bank,own,1,unemployed,1,none,yes,No Risk
106,106,no_checking,23,prior_payments_delayed,car_used,3416,500_to_1000,1_to_4,3,male,none,4,savings_insurance,34,none,own,1,skilled,1,none,yes,No Risk
107,107,no_checking,43,prior_payments_delayed,repairs,8222,500_to_1000,greater_7,5,male,co-applicant,4,unknown,47,none,free,2,skilled,1,yes,yes,Risk
108,108,no_checking,27,prior_payments_delayed,appliances,6222,500_to_1000,4_to_7,3,female,none,4,car_other,41,none,own,2,skilled,2,yes,yes,Risk
109,109,0_to_200,14,credits_paid_to_date,car_new,1711,less_100,less_1,3,female,none,2,real_estate,30,none,rent,1,skilled,1,none,yes,No Risk
110,110,0_to_200,10,credits_paid_to_date,furniture,250,less_100,less_1,2,female,none,3,real_estate,23,none,rent,1,management_self-employed,1,none,yes,No Risk
111,111,less_0,16,prior_payments_delayed,car_new,3681,less_100,4_to_7,3,male,none,3,savings_insurance,30,none,own,1,skilled,2,none,yes,No Risk
112,112,no_checking,15,credits_paid_to_date,radio_tv,5356,less_100,4_to_7,4,male,none,3,savings_insurance,51,none,own,2,management_self-employed,2,none,yes,No Risk
113,113,greater_200,20,credits_paid_to_date,repairs,5238,greater_1000,4_to_7,4,male,none,3,car_other,50,none,own,2,skilled,1,yes,yes,No Risk
114,114,less_0,5,all_credits_paid_back,car_new,250,less_100,1_to_4,2,female,none,3,real_estate,22,bank,rent,1,unemployed,1,none,yes,No Risk
115,115,no_checking,27,outstanding_credit,radio_tv,5678,500_to_1000,4_to_7,4,male,none,3,unknown,54,none,free,2,skilled,1,yes,yes,Risk
116,116,no_checking,34,prior_payments_delayed,furniture,5851,greater_1000,greater_7,4,male,co-applicant,4,unknown,51,none,own,2,skilled,1,yes,yes,Risk
117,117,less_0,6,all_credits_paid_back,education,250,100_to_500,4_to_7,2,female,none,2,real_estate,19,stores,rent,1,skilled,1,none,yes,No Risk
118,118,no_checking,30,all_credits_paid_back,car_used,1102,100_to_500,unemployed,3,female,none,4,savings_insurance,19,none,own,1,skilled,1,none,yes,No Risk
119,119,less_0,11,no_credits,car_used,1645,less_100,less_1,2,female,none,1,savings_insurance,19,none,rent,1,skilled,1,none,yes,No Risk
120,120,no_checking,27,outstanding_credit,appliances,8569,500_to_1000,4_to_7,4,male,none,4,unknown,46,none,free,2,skilled,1,yes,yes,Risk
121,121,0_to_200,25,credits_paid_to_date,radio_tv,3373,less_100,4_to_7,3,female,none,3,car_other,37,none,own,2,skilled,2,yes,yes,Risk
122,122,less_0,22,prior_payments_delayed,car_new,3554,less_100,less_1,1,male,none,1,car_other,32,stores,rent,1,skilled,1,none,yes,No Risk
123,123,no_checking,32,outstanding_credit,other,10292,100_to_500,greater_7,6,male,co-applicant,5,car_other,61,none,free,2,management_self-employed,1,yes,yes,Risk
124,124,0_to_200,24,outstanding_credit,appliances,3415,100_to_500,1_to_4,3,male,none,4,savings_insurance,26,none,own,1,skilled,2,yes,yes,No Risk
125,125,less_0,4,all_credits_paid_back,car_used,312,less_100,unemployed,2,male,none,1,real_estate,26,bank,rent,1,unskilled,1,none,yes,No Risk
126,126,greater_200,9,credits_paid_to_date,appliances,938,less_100,4_to_7,3,female,none,3,savings_insurance,40,stores,own,1,skilled,1,none,yes,No Risk
127,127,less_0,9,all_credits_paid_back,car_used,250,less_100,1_to_4,2,male,none,2,savings_insurance,26,none,own,1,skilled,1,none,yes,No Risk
128,128,less_0,4,credits_paid_to_date,car_used,309,less_100,less_1,2,male,none,2,real_estate,28,none,rent,1,skilled,1,none,yes,No Risk
129,129,no_checking,18,outstanding_credit,car_used,1620,500_to_1000,1_to_4,3,male,none,2,car_other,30,none,free,1,skilled,1,none,yes,No Risk
130,130,no_checking,28,prior_payments_delayed,appliances,6893,100_to_500,4_to_7,4,female,none,4,unknown,45,stores,own,2,unskilled,1,yes,yes,Risk
131,131,no_checking,28,prior_payments_delayed,car_used,4833,100_to_500,4_to_7,4,female,none,4,unknown,45,bank,free,2,unskilled,1,yes,yes,Risk
132,132,less_0,12,all_credits_paid_back,car_used,250,less_100,1_to_4,2,female,none,1,real_estate,31,stores,own,1,skilled,1,none,yes,No Risk
133,133,less_0,8,no_credits,car_new,250,less_100,less_1,1,female,none,1,real_estate,21,stores,rent,1,skilled,1,none,yes,No Risk
134,134,no_checking,31,outstanding_credit,other,6307,500_to_1000,1_to_4,3,male,guarantor,3,car_other,46,none,free,1,skilled,1,yes,yes,Risk
135,135,0_to_200,20,credits_paid_to_date,retraining,1241,100_to_500,1_to_4,2,male,none,1,car_other,19,stores,rent,1,unskilled,1,none,yes,No Risk
136,136,0_to_200,33,prior_payments_delayed,business,2976,100_to_500,greater_7,3,female,none,2,savings_insurance,32,stores,own,2,skilled,1,none,yes,No Risk
137,137,0_to_200,4,all_credits_paid_back,car_used,250,less_100,unemployed,1,male,none,2,real_estate,21,none,rent,1,skilled,1,none,yes,No Risk
138,138,no_checking,44,prior_payments_delayed,other,5009,500_to_1000,4_to_7,4,male,none,3,savings_insurance,34,none,own,1,skilled,2,yes,yes,No Risk
139,139,no_checking,28,outstanding_credit,business,5124,500_to_1000,greater_7,5,female,none,3,car_other,39,none,own,1,management_self-employed,1,none,yes,Risk
140,140,no_checking,24,prior_payments_delayed,car_used,6415,100_to_500,1_to_4,3,female,none,4,savings_insurance,49,none,own,1,management_self-employed,1,none,yes,No Risk
141,141,less_0,4,all_credits_paid_back,car_new,250,less_100,less_1,2,female,none,1,savings_insurance,21,none,rent,1,skilled,1,none,yes,No Risk
142,142,no_checking,21,prior_payments_delayed,radio_tv,1646,unknown,greater_7,4,male,none,3,savings_insurance,40,none,own,1,skilled,1,none,yes,No Risk
143,143,no_checking,39,outstanding_credit,other,6559,greater_1000,4_to_7,4,female,none,2,car_other,57,bank,own,2,unskilled,2,yes,yes,Risk
144,144,no_checking,36,prior_payments_delayed,furniture,2224,500_to_1000,4_to_7,3,male,none,2,savings_insurance,41,none,own,2,skilled,1,none,yes,No Risk
145,145,less_0,4,credits_paid_to_date,car_new,250,less_100,less_1,2,female,none,1,real_estate,19,none,own,1,skilled,1,none,yes,No Risk
146,146,less_0,17,credits_paid_to_date,car_used,2624,less_100,4_to_7,3,male,none,2,car_other,33,none,own,2,skilled,1,yes,yes,No Risk
147,147,no_checking,31,outstanding_credit,repairs,8411,500_to_1000,4_to_7,5,male,co-applicant,5,unknown,46,none,free,2,management_self-employed,2,yes,yes,Risk
148,148,no_checking,33,outstanding_credit,other,5853,500_to_1000,1_to_4,4,male,none,5,car_other,38,stores,own,2,unskilled,1,yes,yes,No Risk
149,149,less_0,16,credits_paid_to_date,furniture,586,500_to_1000,4_to_7,1,female,none,1,savings_insurance,37,stores,own,1,unskilled,1,none,yes,No Risk
150,150,no_checking,32,prior_payments_delayed,car_used,9233,500_to_1000,4_to_7,3,female,none,4,car_other,46,none,free,2,skilled,2,yes,yes,Risk
151,151,0_to_200,4,all_credits_paid_back,car_new,250,less_100,unemployed,1,male,co-applicant,3,real_estate,35,bank,rent,1,unemployed,1,none,yes,No Risk
152,152,no_checking,42,outstanding_credit,appliances,7240,greater_1000,greater_7,5,female,co-applicant,5,unknown,60,none,free,3,skilled,2,yes,yes,Risk
153,153,no_checking,28,prior_payments_delayed,business,5626,100_to_500,4_to_7,4,male,none,4,savings_insurance,28,none,own,1,management_self-employed,1,none,yes,No Risk
154,154,less_0,4,credits_paid_to_date,car_used,250,100_to_500,4_to_7,2,female,none,1,savings_insurance,27,none,rent,1,skilled,1,none,yes,No Risk
155,155,no_checking,29,prior_payments_delayed,radio_tv,1855,500_to_1000,greater_7,4,male,none,3,savings_insurance,40,none,own,1,skilled,1,none,yes,No Risk
156,156,no_checking,21,credits_paid_to_date,car_used,2049,100_to_500,less_1,3,female,none,2,real_estate,36,none,own,1,skilled,1,none,yes,No Risk
157,157,no_checking,39,outstanding_credit,radio_tv,5846,unknown,greater_7,5,male,co-applicant,5,car_other,56,none,own,2,skilled,2,yes,yes,Risk
158,158,no_checking,26,prior_payments_delayed,car_used,1830,500_to_1000,1_to_4,3,male,none,4,real_estate,28,none,own,1,skilled,1,yes,yes,No Risk
159,159,0_to_200,16,prior_payments_delayed,furniture,5172,less_100,less_1,3,male,none,3,unknown,34,none,own,1,management_self-employed,1,yes,yes,No Risk
160,160,greater_200,19,credits_paid_to_date,radio_tv,3003,100_to_500,less_1,3,female,none,2,savings_insurance,43,none,own,2,skilled,1,yes,yes,No Risk
161,161,0_to_200,28,credits_paid_to_date,car_used,2138,less_100,1_to_4,3,male,none,2,savings_insurance,29,none,own,1,skilled,1,none,yes,No Risk
162,162,less_0,13,prior_payments_delayed,car_used,1401,less_100,4_to_7,2,male,none,3,unknown,44,stores,own,1,skilled,1,none,yes,No Risk
163,163,less_0,4,credits_paid_to_date,education,250,less_100,unemployed,1,female,none,1,savings_insurance,19,none,own,1,skilled,1,none,yes,No Risk
164,164,0_to_200,44,prior_payments_delayed,repairs,6621,500_to_1000,greater_7,5,male,none,3,unknown,35,bank,own,2,unemployed,1,none,yes,No Risk
165,165,no_checking,30,outstanding_credit,appliances,5251,500_to_1000,1_to_4,3,male,none,3,savings_insurance,49,none,own,1,skilled,1,none,yes,No Risk
166,166,0_to_200,4,credits_paid_to_date,furniture,4035,less_100,4_to_7,3,female,none,2,savings_insurance,32,none,free,2,skilled,1,yes,yes,No Risk
167,167,0_to_200,31,prior_payments_delayed,radio_tv,5096,500_to_1000,1_to_4,3,male,none,4,car_other,34,bank,own,2,unemployed,1,yes,yes,No Risk
168,168,less_0,8,prior_payments_delayed,repairs,701,500_to_1000,1_to_4,3,male,none,3,savings_insurance,43,none,rent,1,skilled,1,none,yes,No Risk
169,169,no_checking,36,outstanding_credit,repairs,6441,500_to_1000,greater_7,4,male,co-applicant,4,car_other,50,none,free,2,skilled,1,yes,no,Risk
170,170,no_checking,32,outstanding_credit,appliances,4673,greater_1000,4_to_7,3,female,none,4,unknown,34,none,own,1,skilled,2,yes,yes,Risk
171,171,0_to_200,23,prior_payments_delayed,radio_tv,6154,less_100,greater_7,3,female,none,3,unknown,52,none,own,2,skilled,1,none,yes,Risk
172,172,no_checking,28,credits_paid_to_date,furniture,3794,greater_1000,greater_7,4,female,none,4,car_other,43,none,free,3,skilled,2,yes,yes,Risk
173,173,greater_200,31,prior_payments_delayed,appliances,3332,100_to_500,less_1,3,male,none,3,savings_insurance,37,none,rent,2,management_self-employed,1,yes,yes,No Risk
174,174,0_to_200,22,credits_paid_to_date,car_new,382,less_100,1_to_4,2,male,none,3,car_other,20,bank,rent,1,unskilled,1,none,yes,No Risk
175,175,no_checking,29,prior_payments_delayed,car_used,3351,unknown,1_to_4,3,male,none,5,savings_insurance,49,none,own,2,skilled,2,yes,yes,No Risk
176,176,no_checking,35,credits_paid_to_date,appliances,5588,100_to_500,1_to_4,4,male,none,4,real_estate,45,none,own,2,management_self-employed,2,yes,yes,No Risk
177,177,no_checking,29,credits_paid_to_date,business,6417,100_to_500,1_to_4,4,male,none,4,savings_insurance,40,none,own,1,management_self-employed,1,none,yes,No Risk
178,178,0_to_200,14,credits_paid_to_date,car_new,2055,less_100,4_to_7,3,male,none,2,savings_insurance,33,none,own,1,skilled,1,none,yes,No Risk
179,179,less_0,4,credits_paid_to_date,car_new,250,less_100,1_to_4,2,female,none,1,savings_insurance,40,none,own,1,skilled,1,none,yes,No Risk
180,180,no_checking,43,prior_payments_delayed,repairs,5775,500_to_1000,greater_7,5,male,co-applicant,3,unknown,47,none,free,3,skilled,2,yes,yes,Risk
181,181,less_0,16,prior_payments_delayed,retraining,1820,500_to_1000,greater_7,4,female,none,3,car_other,22,stores,rent,1,skilled,2,none,yes,No Risk
182,182,greater_200,29,outstanding_credit,radio_tv,6198,500_to_1000,1_to_4,4,female,guarantor,5,car_other,50,none,free,1,skilled,1,yes,yes,Risk
183,183,less_0,10,all_credits_paid_back,car_used,1349,100_to_500,less_1,2,female,none,1,car_other,36,stores,rent,1,unskilled,2,none,yes,No Risk
184,184,greater_200,28,prior_payments_delayed,furniture,3416,100_to_500,1_to_4,3,male,none,4,car_other,34,none,rent,1,skilled,1,none,yes,No Risk
185,185,no_checking,29,prior_payments_delayed,appliances,7499,100_to_500,1_to_4,3,male,none,4,savings_insurance,38,none,own,2,management_self-employed,1,none,yes,No Risk
186,186,no_checking,24,outstanding_credit,car_used,4793,greater_1000,4_to_7,3,male,none,4,savings_insurance,38,none,own,2,skilled,1,none,yes,No Risk
187,187,no_checking,28,prior_payments_delayed,car_used,4155,unknown,greater_7,3,female,none,3,unknown,43,none,own,2,skilled,1,yes,yes,Risk
188,188,no_checking,28,prior_payments_delayed,appliances,5145,100_to_500,greater_7,3,female,guarantor,4,car_other,54,none,free,2,skilled,1,yes,yes,Risk
189,189,less_0,13,credits_paid_to_date,car_used,3068,less_100,unemployed,2,female,none,1,real_estate,19,none,rent,1,skilled,1,none,yes,No Risk
190,190,0_to_200,27,prior_payments_delayed,car_used,2513,100_to_500,greater_7,4,male,none,3,savings_insurance,32,none,own,2,skilled,1,yes,yes,No Risk
191,191,no_checking,13,credits_paid_to_date,furniture,4409,less_100,less_1,2,female,co-applicant,2,real_estate,32,none,own,1,skilled,1,none,yes,No Risk
192,192,less_0,17,no_credits,vacation,1970,100_to_500,1_to_4,3,female,none,2,savings_insurance,36,bank,rent,1,unemployed,1,none,yes,No Risk
193,193,0_to_200,13,credits_paid_to_date,car_new,1145,less_100,less_1,3,female,none,3,savings_insurance,19,none,own,1,skilled,1,none,yes,No Risk
194,194,no_checking,10,credits_paid_to_date,furniture,583,greater_1000,1_to_4,3,female,none,4,real_estate,38,none,own,1,skilled,1,none,yes,No Risk
195,195,0_to_200,27,credits_paid_to_date,radio_tv,3411,less_100,less_1,3,male,none,3,car_other,32,none,own,1,skilled,1,none,yes,No Risk
196,196,no_checking,32,prior_payments_delayed,furniture,9016,100_to_500,1_to_4,4,male,co-applicant,5,unknown,46,none,free,2,management_self-employed,1,yes,yes,Risk
197,197,no_checking,33,prior_payments_delayed,furniture,4553,unknown,4_to_7,4,female,none,4,savings_insurance,49,none,own,2,skilled,1,none,yes,Risk
198,198,less_0,7,all_credits_paid_back,car_new,250,less_100,unemployed,1,male,none,2,real_estate,19,stores,rent,1,skilled,1,none,yes,No Risk
199,199,less_0,10,all_credits_paid_back,car_used,250,100_to_500,less_1,1,female,none,2,savings_insurance,27,stores,own,3,unskilled,2,yes,yes,No Risk
200,200,no_checking,15,credits_paid_to_date,car_new,1530,100_to_500,1_to_4,3,male,none,4,real_estate,26,none,own,1,skilled,1,none,yes,No Risk
201,201,less_0,13,all_credits_paid_back,furniture,815,less_100,unemployed,2,male,none,1,real_estate,19,none,own,1,management_self-employed,1,none,yes,No Risk
202,202,less_0,8,all_credits_paid_back,car_used,1895,less_100,less_1,2,female,none,2,real_estate,39,stores,own,1,unskilled,1,none,yes,No Risk
203,203,no_checking,22,credits_paid_to_date,radio_tv,4353,less_100,4_to_7,4,male,guarantor,4,car_other,45,none,free,2,skilled,2,yes,yes,Risk
204,204,no_checking,46,outstanding_credit,retraining,7876,500_to_1000,4_to_7,5,male,co-applicant,5,unknown,49,none,free,2,management_self-employed,2,yes,yes,Risk
205,205,no_checking,30,outstanding_credit,radio_tv,9647,500_to_1000,greater_7,5,male,co-applicant,4,unknown,58,none,free,2,skilled,1,yes,yes,Risk
206,206,greater_200,26,outstanding_credit,repairs,5940,greater_1000,1_to_4,4,male,none,4,unknown,25,stores,own,1,unskilled,1,none,yes,No Risk
207,207,greater_200,30,prior_payments_delayed,furniture,4708,100_to_500,1_to_4,4,male,none,3,car_other,41,none,free,2,skilled,1,yes,yes,No Risk
208,208,no_checking,41,prior_payments_delayed,business,9010,500_to_1000,1_to_4,5,male,none,5,unknown,38,none,own,2,management_self-employed,2,yes,yes,No Risk
209,209,no_checking,28,credits_paid_to_date,car_used,8516,100_to_500,1_to_4,3,male,none,4,unknown,40,none,own,2,skilled,1,none,yes,Risk
210,210,no_checking,21,credits_paid_to_date,furniture,3396,greater_1000,4_to_7,4,female,none,3,car_other,38,none,own,1,skilled,1,yes,yes,No Risk
211,211,less_0,8,all_credits_paid_back,car_new,250,less_100,1_to_4,2,female,none,2,savings_insurance,26,none,rent,1,skilled,1,none,yes,No Risk
212,212,0_to_200,4,credits_paid_to_date,car_new,2761,less_100,less_1,1,male,none,1,car_other,29,bank,rent,1,unemployed,1,none,yes,No Risk
213,213,less_0,10,credits_paid_to_date,appliances,818,less_100,1_to_4,2,female,none,1,savings_insurance,19,bank,rent,1,unemployed,1,none,yes,No Risk
214,214,0_to_200,31,credits_paid_to_date,radio_tv,1098,greater_1000,4_to_7,3,male,none,4,savings_insurance,19,stores,rent,1,unskilled,2,none,yes,No Risk
215,215,no_checking,25,credits_paid_to_date,furniture,5758,100_to_500,4_to_7,4,female,none,4,unknown,38,none,free,2,management_self-employed,1,none,yes,Risk
216,216,less_0,4,all_credits_paid_back,car_new,250,less_100,unemployed,1,male,none,2,real_estate,19,none,rent,1,skilled,1,none,yes,No Risk
217,217,less_0,16,prior_payments_delayed,retraining,250,less_100,less_1,2,female,none,3,real_estate,37,none,own,1,skilled,1,none,yes,No Risk
218,218,no_checking,32,outstanding_credit,other,5821,500_to_1000,greater_7,4,male,none,2,car_other,37,bank,own,1,unskilled,1,none,yes,No Risk
219,219,0_to_200,16,credits_paid_to_date,appliances,1443,100_to_500,1_to_4,1,male,none,1,savings_insurance,39,none,own,2,skilled,1,none,yes,No Risk
220,220,no_checking,41,outstanding_credit,appliances,7208,unknown,greater_7,6,male,guarantor,5,unknown,74,stores,own,4,unskilled,2,yes,yes,Risk
221,221,no_checking,27,prior_payments_delayed,furniture,2202,100_to_500,4_to_7,4,female,none,3,savings_insurance,44,none,own,1,skilled,1,none,yes,No Risk
222,222,0_to_200,24,credits_paid_to_date,car_new,3229,100_to_500,4_to_7,3,male,none,4,car_other,30,none,own,1,skilled,1,none,yes,No Risk
223,223,no_checking,35,outstanding_credit,furniture,6041,unknown,4_to_7,3,male,none,4,unknown,52,none,own,2,skilled,2,yes,yes,Risk
224,224,less_0,4,credits_paid_to_date,car_new,250,less_100,1_to_4,2,female,none,3,savings_insurance,41,bank,rent,1,unemployed,1,none,yes,No Risk
225,225,0_to_200,25,credits_paid_to_date,retraining,2705,greater_1000,less_1,3,male,none,3,real_estate,29,none,own,1,skilled,1,none,yes,No Risk
226,226,no_checking,27,prior_payments_delayed,appliances,3303,100_to_500,1_to_4,4,male,none,4,real_estate,46,none,own,2,management_self-employed,1,none,yes,No Risk
227,227,0_to_200,14,prior_payments_delayed,furniture,4140,greater_1000,4_to_7,4,male,none,3,savings_insurance,35,none,own,3,skilled,1,none,yes,Risk
228,228,0_to_200,4,all_credits_paid_back,car_used,250,less_100,unemployed,2,male,none,1,real_estate,20,none,rent,1,management_self-employed,1,none,yes,No Risk
229,229,no_checking,17,credits_paid_to_date,radio_tv,2026,100_to_500,4_to_7,4,male,none,4,real_estate,44,none,own,1,management_self-employed,1,none,yes,No Risk
230,230,no_checking,19,all_credits_paid_back,furniture,3418,less_100,unemployed,3,male,none,3,savings_insurance,25,none,own,1,management_self-employed,1,none,yes,No Risk
231,231,no_checking,17,credits_paid_to_date,retraining,5542,greater_1000,less_1,3,male,none,3,savings_insurance,29,none,own,1,management_self-employed,1,none,yes,No Risk
232,232,0_to_200,19,no_credits,car_used,1164,less_100,1_to_4,3,female,none,2,real_estate,32,none,rent,1,skilled,1,none,yes,No Risk
233,233,no_checking,33,all_credits_paid_back,radio_tv,4574,100_to_500,4_to_7,4,male,none,4,savings_insurance,43,none,own,1,management_self-employed,2,none,yes,No Risk
234,234,0_to_200,17,credits_paid_to_date,furniture,250,less_100,4_to_7,3,female,co-applicant,3,savings_insurance,52,stores,own,1,unskilled,1,yes,yes,Risk
235,235,greater_200,34,outstanding_credit,vacation,3700,500_to_1000,greater_7,4,female,none,4,car_other,42,none,own,2,skilled,1,yes,no,Risk
236,236,no_checking,23,outstanding_credit,car_used,3000,greater_1000,4_to_7,3,female,guarantor,5,unknown,61,none,own,1,skilled,1,yes,no,Risk
237,237,no_checking,28,prior_payments_delayed,education,4547,unknown,greater_7,3,male,none,4,savings_insurance,42,none,own,1,skilled,1,none,yes,No Risk
238,238,0_to_200,21,outstanding_credit,radio_tv,3109,100_to_500,greater_7,4,male,none,4,unknown,40,none,own,2,skilled,1,yes,no,Risk
239,239,no_checking,34,outstanding_credit,radio_tv,7062,500_to_1000,4_to_7,5,male,co-applicant,4,unknown,61,none,free,3,skilled,2,yes,yes,Risk
240,240,0_to_200,27,credits_paid_to_date,furniture,7191,500_to_1000,greater_7,4,male,none,4,car_other,41,none,own,2,skilled,2,none,yes,No Risk
241,241,less_0,14,all_credits_paid_back,furniture,1784,less_100,unemployed,1,female,none,2,savings_insurance,22,none,rent,1,skilled,1,none,yes,No Risk
242,242,no_checking,38,outstanding_credit,radio_tv,5223,greater_1000,greater_7,5,male,co-applicant,4,unknown,50,none,free,2,skilled,2,yes,yes,Risk
243,243,no_checking,27,prior_payments_delayed,vacation,4907,500_to_1000,4_to_7,4,female,none,4,unknown,38,none,own,2,skilled,1,yes,yes,Risk
244,244,no_checking,32,prior_payments_delayed,car_used,5210,unknown,1_to_4,3,male,none,4,unknown,41,none,own,2,skilled,1,none,yes,No Risk
245,245,less_0,23,credits_paid_to_date,car_new,4168,less_100,4_to_7,3,male,none,2,car_other,32,none,own,1,skilled,1,yes,yes,No Risk
246,246,0_to_200,26,credits_paid_to_date,furniture,250,100_to_500,1_to_4,1,female,none,3,car_other,29,stores,own,1,unskilled,1,none,yes,No Risk
247,247,no_checking,24,prior_payments_delayed,car_used,5013,500_to_1000,4_to_7,3,male,none,4,savings_insurance,39,none,own,2,management_self-employed,1,none,yes,Risk
248,248,0_to_200,25,outstanding_credit,furniture,3292,500_to_1000,4_to_7,3,male,none,4,car_other,43,bank,rent,1,unskilled,1,none,yes,No Risk
249,249,less_0,14,credits_paid_to_date,furniture,1157,less_100,less_1,2,female,none,3,real_estate,21,none,own,1,skilled,1,none,yes,No Risk
250,250,less_0,11,prior_payments_delayed,car_new,1525,100_to_500,1_to_4,2,female,none,1,real_estate,26,stores,own,1,skilled,1,yes,yes,No Risk
251,251,0_to_200,11,credits_paid_to_date,car_used,6169,less_100,less_1,3,male,none,2,car_other,37,none,own,2,management_self-employed,1,none,yes,No Risk
252,252,less_0,13,all_credits_paid_back,vacation,1586,100_to_500,1_to_4,3,male,none,3,savings_insurance,34,stores,own,1,unskilled,1,yes,yes,No Risk
253,253,no_checking,37,outstanding_credit,appliances,3072,500_to_1000,greater_7,3,female,none,3,car_other,34,none,own,1,skilled,1,yes,yes,Risk
254,254,less_0,4,all_credits_paid_back,car_used,250,less_100,unemployed,1,male,none,1,real_estate,19,stores,rent,1,skilled,1,none,yes,No Risk
255,255,0_to_200,9,prior_payments_delayed,car_new,329,less_100,1_to_4,2,male,none,3,real_estate,23,stores,own,1,skilled,2,yes,yes,No Risk
256,256,0_to_200,4,all_credits_paid_back,car_used,3562,less_100,1_to_4,3,female,none,2,savings_insurance,21,none,own,1,skilled,1,none,yes,No Risk
257,257,no_checking,24,prior_payments_delayed,radio_tv,7173,greater_1000,1_to_4,4,male,none,4,savings_insurance,51,stores,rent,3,unskilled,2,yes,yes,No Risk
258,258,greater_200,31,prior_payments_delayed,radio_tv,3914,100_to_500,1_to_4,4,female,co-applicant,3,real_estate,52,none,free,2,skilled,1,yes,yes,No Risk
259,259,no_checking,8,prior_payments_delayed,car_new,1110,500_to_1000,1_to_4,3,female,none,3,car_other,36,none,own,1,skilled,1,yes,no,Risk
260,260,0_to_200,14,credits_paid_to_date,car_new,3148,less_100,1_to_4,3,male,none,3,car_other,41,none,own,2,skilled,1,none,yes,No Risk
261,261,less_0,10,all_credits_paid_back,car_used,250,less_100,1_to_4,2,female,none,2,real_estate,36,stores,rent,1,unskilled,1,none,yes,No Risk
262,262,no_checking,13,outstanding_credit,car_used,6281,100_to_500,greater_7,4,male,none,4,savings_insurance,31,none,free,1,management_self-employed,1,none,yes,No Risk
263,263,0_to_200,17,credits_paid_to_date,car_used,4490,less_100,1_to_4,2,female,none,2,savings_insurance,32,none,free,1,skilled,1,none,yes,No Risk
264,264,0_to_200,20,credits_paid_to_date,car_new,2499,less_100,1_to_4,3,male,none,3,car_other,31,none,free,1,skilled,2,yes,yes,No Risk
265,265,less_0,17,credits_paid_to_date,car_new,1312,500_to_1000,1_to_4,3,male,none,3,savings_insurance,22,stores,rent,2,unskilled,1,yes,yes,No Risk
266,266,no_checking,32,prior_payments_delayed,appliances,2879,500_to_1000,1_to_4,4,male,none,2,car_other,46,none,own,2,skilled,1,yes,yes,No Risk
267,267,no_checking,40,prior_payments_delayed,furniture,5234,500_to_1000,4_to_7,4,male,none,5,car_other,54,none,free,2,skilled,1,yes,yes,Risk
268,268,less_0,10,credits_paid_to_date,furniture,250,less_100,less_1,2,female,none,1,real_estate,22,stores,own,1,skilled,1,none,yes,No Risk
269,269,no_checking,31,credits_paid_to_date,car_used,5636,100_to_500,greater_7,3,female,none,3,car_other,50,none,own,2,skilled,1,none,yes,Risk
270,270,no_checking,54,outstanding_credit,other,7465,greater_1000,greater_7,5,male,co-applicant,3,unknown,48,none,free,2,skilled,1,yes,yes,Risk
271,271,less_0,8,prior_payments_delayed,car_used,840,less_100,1_to_4,2,female,none,1,car_other,30,none,rent,1,skilled,1,none,yes,No Risk
272,272,less_0,31,credits_paid_to_date,radio_tv,2246,less_100,less_1,2,male,none,1,real_estate,23,bank,rent,1,unemployed,1,yes,yes,No Risk
273,273,greater_200,36,prior_payments_delayed,radio_tv,4469,100_to_500,greater_7,4,male,none,2,savings_insurance,34,none,own,2,skilled,1,yes,yes,No Risk
274,274,0_to_200,24,prior_payments_delayed,retraining,2410,100_to_500,4_to_7,3,female,none,1,car_other,37,stores,own,1,unskilled,1,none,yes,No Risk
275,275,less_0,28,credits_paid_to_date,car_new,1735,less_100,4_to_7,2,male,none,3,savings_insurance,34,stores,own,1,skilled,1,none,yes,No Risk
276,276,0_to_200,25,credits_paid_to_date,education,2228,greater_1000,greater_7,3,male,none,2,savings_insurance,43,none,own,2,skilled,1,none,yes,No Risk
277,277,no_checking,36,prior_payments_delayed,appliances,7624,greater_1000,greater_7,5,male,co-applicant,3,car_other,46,none,own,2,skilled,1,none,yes,Risk
278,278,0_to_200,24,all_credits_paid_back,vacation,6401,less_100,less_1,3,male,none,4,car_other,25,none,own,1,management_self-employed,1,yes,yes,No Risk
279,279,less_0,26,outstanding_credit,radio_tv,1853,100_to_500,greater_7,4,female,none,2,car_other,37,stores,own,1,unskilled,1,none,yes,No Risk
280,280,0_to_200,4,prior_payments_delayed,vacation,3497,500_to_1000,1_to_4,3,male,co-applicant,2,savings_insurance,41,none,own,2,skilled,1,yes,yes,No Risk
281,281,no_checking,26,outstanding_credit,radio_tv,5182,greater_1000,4_to_7,4,male,none,3,car_other,48,none,own,2,skilled,1,yes,yes,No Risk
282,282,less_0,16,prior_payments_delayed,radio_tv,2878,100_to_500,less_1,2,male,none,2,car_other,29,none,own,1,skilled,2,none,yes,No Risk
283,283,no_checking,8,prior_payments_delayed,radio_tv,4375,100_to_500,1_to_4,3,male,none,3,savings_insurance,42,none,own,1,management_self-employed,1,none,yes,No Risk
284,284,no_checking,32,outstanding_credit,furniture,5460,500_to_1000,1_to_4,4,male,none,5,car_other,41,none,own,1,management_self-employed,1,none,no,No Risk
285,285,no_checking,26,prior_payments_delayed,radio_tv,5723,100_to_500,greater_7,5,male,none,4,unknown,45,none,free,2,skilled,1,yes,no,Risk
286,286,less_0,8,prior_payments_delayed,car_new,4334,less_100,1_to_4,1,male,none,2,unknown,45,stores,own,1,skilled,1,none,yes,No Risk
287,287,0_to_200,16,credits_paid_to_date,furniture,3073,100_to_500,1_to_4,2,male,none,3,real_estate,36,none,own,1,skilled,1,none,yes,No Risk
288,288,0_to_200,12,credits_paid_to_date,car_used,3355,500_to_1000,4_to_7,3,male,none,2,real_estate,19,none,rent,1,skilled,1,none,yes,No Risk
289,289,less_0,14,prior_payments_delayed,radio_tv,250,100_to_500,less_1,1,male,none,2,real_estate,24,stores,rent,1,skilled,1,none,yes,No Risk
290,290,0_to_200,21,credits_paid_to_date,retraining,2573,less_100,1_to_4,3,male,none,3,real_estate,28,none,rent,1,management_self-employed,1,none,yes,No Risk
291,291,less_0,4,all_credits_paid_back,car_used,250,less_100,1_to_4,1,female,none,1,real_estate,23,stores,own,1,skilled,1,none,yes,No Risk
292,292,less_0,4,credits_paid_to_date,car_new,990,100_to_500,unemployed,1,female,none,2,car_other,24,stores,rent,1,skilled,1,none,yes,No Risk
293,293,no_checking,32,outstanding_credit,radio_tv,5197,500_to_1000,greater_7,5,male,none,5,unknown,55,none,own,2,skilled,1,yes,yes,Risk
294,294,no_checking,34,prior_payments_delayed,business,4134,unknown,greater_7,5,female,none,4,unknown,37,none,own,3,skilled,1,none,yes,Risk
295,295,no_checking,29,prior_payments_delayed,car_used,4478,100_to_500,1_to_4,4,female,none,4,car_other,55,none,own,2,skilled,1,none,yes,No Risk
296,296,no_checking,23,outstanding_credit,appliances,8300,500_to_1000,1_to_4,4,male,none,5,car_other,28,none,own,1,management_self-employed,1,none,yes,No Risk
297,297,no_checking,30,prior_payments_delayed,business,3851,100_to_500,1_to_4,4,male,none,4,car_other,23,stores,own,1,unskilled,1,none,yes,No Risk
298,298,less_0,14,all_credits_paid_back,car_new,496,less_100,4_to_7,3,female,none,1,real_estate,34,stores,rent,1,skilled,1,none,yes,No Risk
299,299,0_to_200,19,prior_payments_delayed,furniture,509,less_100,1_to_4,2,male,co-applicant,3,savings_insurance,23,bank,own,1,unemployed,1,yes,yes,No Risk
300,300,0_to_200,16,credits_paid_to_date,car_used,4801,less_100,1_to_4,3,female,none,3,car_other,35,none,own,1,skilled,1,none,yes,No Risk
301,301,less_0,37,credits_paid_to_date,car_used,1728,greater_1000,4_to_7,2,male,none,2,unknown,30,bank,own,1,unemployed,1,none,yes,No Risk
302,302,no_checking,33,prior_payments_delayed,business,2776,unknown,greater_7,5,male,none,3,car_other,29,none,own,1,skilled,1,none,yes,No Risk
303,303,less_0,15,credits_paid_to_date,furniture,3859,less_100,4_to_7,2,male,none,3,car_other,31,none,own,1,skilled,1,none,yes,No Risk
304,304,less_0,12,all_credits_paid_back,furniture,4137,100_to_500,4_to_7,3,male,none,2,car_other,19,bank,rent,1,unemployed,1,none,yes,No Risk
305,305,greater_200,21,outstanding_credit,business,5668,100_to_500,4_to_7,3,male,none,2,unknown,36,bank,own,1,unskilled,1,none,yes,No Risk
306,306,no_checking,22,outstanding_credit,furniture,5465,500_to_1000,greater_7,4,female,none,3,unknown,41,none,free,1,skilled,1,yes,yes,Risk
307,307,0_to_200,25,all_credits_paid_back,appliances,3797,less_100,1_to_4,3,male,none,2,savings_insurance,25,none,own,1,skilled,1,none,yes,No Risk
308,308,0_to_200,16,credits_paid_to_date,furniture,1212,less_100,less_1,3,female,none,2,savings_insurance,28,none,own,1,skilled,1,none,yes,No Risk
309,309,0_to_200,17,credits_paid_to_date,car_used,1969,less_100,1_to_4,3,male,none,3,real_estate,25,none,own,1,skilled,1,none,yes,No Risk
310,310,0_to_200,29,outstanding_credit,radio_tv,6033,unknown,greater_7,4,female,none,3,unknown,53,none,own,3,skilled,2,yes,yes,Risk
311,311,less_0,10,prior_payments_delayed,furniture,1368,less_100,1_to_4,2,female,none,2,car_other,44,stores,own,2,skilled,1,none,yes,No Risk
312,312,0_to_200,16,credits_paid_to_date,car_used,4036,less_100,4_to_7,4,female,none,2,real_estate,34,none,own,1,skilled,1,none,yes,No Risk
313,313,0_to_200,30,all_credits_paid_back,radio_tv,3420,100_to_500,1_to_4,3,male,none,3,savings_insurance,28,none,own,2,skilled,1,yes,yes,No Risk
314,314,less_0,7,prior_payments_delayed,furniture,250,less_100,1_to_4,2,female,none,1,real_estate,37,stores,own,1,skilled,1,none,yes,No Risk
315,315,no_checking,35,credits_paid_to_date,car_used,5871,100_to_500,1_to_4,4,male,none,3,car_other,36,stores,own,2,unskilled,2,yes,yes,No Risk
316,316,no_checking,37,prior_payments_delayed,furniture,2544,500_to_1000,4_to_7,4,female,none,4,savings_insurance,49,none,own,2,skilled,1,yes,yes,Risk
317,317,no_checking,17,credits_paid_to_date,radio_tv,4533,greater_1000,1_to_4,4,male,none,3,real_estate,29,none,rent,2,management_self-employed,1,none,yes,No Risk
318,318,no_checking,38,prior_payments_delayed,furniture,2403,500_to_1000,greater_7,3,male,none,3,car_other,30,bank,rent,1,unemployed,1,none,yes,No Risk
319,319,no_checking,40,prior_payments_delayed,furniture,2659,unknown,greater_7,4,female,none,4,car_other,41,none,own,1,skilled,1,none,yes,Risk
320,320,0_to_200,4,prior_payments_delayed,car_new,1233,100_to_500,less_1,2,female,none,3,car_other,26,none,rent,1,skilled,1,none,yes,No Risk
321,321,less_0,4,all_credits_paid_back,car_new,250,less_100,unemployed,1,male,none,1,real_estate,19,none,rent,1,skilled,1,none,yes,No Risk
322,322,0_to_200,4,prior_payments_delayed,car_new,1216,500_to_1000,4_to_7,2,male,none,3,savings_insurance,22,none,rent,1,skilled,1,none,yes,No Risk
323,323,0_to_200,31,outstanding_credit,appliances,3201,100_to_500,greater_7,4,male,none,3,savings_insurance,35,none,own,1,skilled,1,none,yes,Risk
324,324,no_checking,23,outstanding_credit,appliances,7682,500_to_1000,1_to_4,3,male,none,4,car_other,41,stores,own,1,unskilled,1,yes,yes,No Risk
325,325,less_0,4,all_credits_paid_back,radio_tv,250,less_100,1_to_4,2,male,none,2,real_estate,22,none,own,1,skilled,1,none,yes,No Risk
326,326,no_checking,9,prior_payments_delayed,radio_tv,6203,100_to_500,4_to_7,4,female,none,4,savings_insurance,39,stores,own,2,unskilled,2,yes,yes,No Risk
327,327,no_checking,35,credits_paid_to_date,appliances,6651,100_to_500,1_to_4,4,female,none,4,savings_insurance,40,none,own,1,skilled,1,none,yes,No Risk
328,328,no_checking,38,prior_payments_delayed,other,5877,500_to_1000,4_to_7,5,male,none,3,savings_insurance,38,none,own,1,management_self-employed,1,none,yes,No Risk
329,329,no_checking,34,outstanding_credit,repairs,8281,greater_1000,greater_7,5,male,co-applicant,3,unknown,56,none,own,2,skilled,2,yes,yes,Risk
330,330,less_0,17,credits_paid_to_date,car_new,2527,less_100,4_to_7,3,male,none,2,car_other,37,none,own,1,skilled,1,none,yes,No Risk
331,331,no_checking,35,prior_payments_delayed,radio_tv,3714,500_to_1000,4_to_7,4,female,none,4,unknown,41,bank,own,2,unemployed,1,yes,yes,Risk
332,332,less_0,22,credits_paid_to_date,car_new,3410,less_100,less_1,2,female,none,2,real_estate,22,bank,rent,1,unemployed,1,none,yes,No Risk
333,333,0_to_200,9,prior_payments_delayed,furniture,960,100_to_500,less_1,3,male,none,2,real_estate,27,none,own,1,management_self-employed,1,none,yes,No Risk
334,334,less_0,16,credits_paid_to_date,car_used,993,less_100,4_to_7,1,female,none,1,real_estate,25,stores,own,1,skilled,1,none,yes,No Risk
335,335,no_checking,31,prior_payments_delayed,car_used,5787,100_to_500,1_to_4,3,female,none,3,savings_insurance,36,none,own,1,skilled,1,yes,yes,No Risk
336,336,less_0,17,credits_paid_to_date,furniture,250,100_to_500,1_to_4,2,male,none,1,real_estate,29,none,rent,1,skilled,1,none,yes,No Risk
337,337,no_checking,9,credits_paid_to_date,vacation,1065,less_100,1_to_4,3,male,none,3,real_estate,38,none,rent,1,management_self-employed,1,none,yes,No Risk
338,338,0_to_200,4,credits_paid_to_date,radio_tv,4539,100_to_500,1_to_4,3,female,none,3,savings_insurance,37,none,own,1,management_self-employed,1,none,no,No Risk
339,339,no_checking,27,outstanding_credit,appliances,6304,500_to_1000,greater_7,5,male,co-applicant,5,unknown,54,none,free,3,management_self-employed,2,yes,yes,Risk
340,340,0_to_200,14,prior_payments_delayed,car_new,2531,100_to_500,4_to_7,3,female,none,1,car_other,44,bank,own,2,unemployed,2,yes,yes,No Risk
341,341,less_0,14,prior_payments_delayed,radio_tv,2243,less_100,1_to_4,2,male,none,2,car_other,46,none,own,2,skilled,2,yes,yes,No Risk
342,342,less_0,15,prior_payments_delayed,car_used,1843,less_100,less_1,2,male,none,2,real_estate,33,none,own,2,skilled,2,none,yes,No Risk
343,343,greater_200,20,outstanding_credit,radio_tv,4351,unknown,1_to_4,4,male,none,3,savings_insurance,37,none,free,2,skilled,1,yes,yes,No Risk
344,344,greater_200,20,credits_paid_to_date,radio_tv,576,100_to_500,4_to_7,3,male,none,2,savings_insurance,29,none,own,1,skilled,1,none,yes,No Risk
345,345,0_to_200,22,credits_paid_to_date,radio_tv,250,100_to_500,4_to_7,2,female,none,2,car_other,48,stores,own,2,skilled,1,none,yes,No Risk
346,346,less_0,18,prior_payments_delayed,furniture,1079,less_100,less_1,1,female,none,2,real_estate,35,stores,own,2,skilled,2,yes,yes,No Risk
347,347,no_checking,19,credits_paid_to_date,radio_tv,1426,less_100,less_1,1,female,none,3,real_estate,22,none,own,1,skilled,1,none,yes,No Risk
348,348,no_checking,30,outstanding_credit,other,5206,greater_1000,greater_7,5,female,none,3,unknown,35,none,own,1,skilled,1,none,yes,Risk
349,349,no_checking,32,outstanding_credit,repairs,5613,500_to_1000,greater_7,5,male,co-applicant,5,car_other,44,none,free,2,management_self-employed,1,yes,yes,Risk
350,350,no_checking,30,outstanding_credit,furniture,6943,500_to_1000,greater_7,4,male,co-applicant,3,unknown,61,bank,own,2,unemployed,2,yes,yes,Risk
351,351,less_0,27,credits_paid_to_date,repairs,250,less_100,unemployed,1,female,none,2,savings_insurance,21,stores,rent,1,skilled,1,none,yes,No Risk
352,352,0_to_200,13,credits_paid_to_date,car_used,2663,500_to_1000,4_to_7,3,female,co-applicant,4,savings_insurance,41,bank,rent,2,unemployed,1,yes,no,Risk
353,353,no_checking,24,prior_payments_delayed,furniture,5859,100_to_500,4_to_7,4,female,none,4,savings_insurance,49,none,own,2,skilled,1,yes,yes,Risk
354,354,0_to_200,21,credits_paid_to_date,furniture,514,100_to_500,1_to_4,2,male,none,3,real_estate,31,bank,rent,1,unemployed,1,none,yes,No Risk
355,355,less_0,20,credits_paid_to_date,car_new,377,less_100,less_1,2,female,none,2,real_estate,19,stores,own,1,skilled,1,none,yes,No Risk
356,356,no_checking,27,prior_payments_delayed,car_used,4877,500_to_1000,less_1,4,female,none,3,car_other,48,none,own,1,skilled,1,yes,yes,No Risk
357,357,less_0,4,prior_payments_delayed,car_new,250,500_to_1000,1_to_4,2,male,none,3,car_other,34,none,rent,1,skilled,1,yes,yes,No Risk
358,358,no_checking,40,prior_payments_delayed,education,8497,unknown,greater_7,5,male,co-applicant,3,unknown,49,none,free,2,skilled,2,yes,yes,Risk
359,359,no_checking,27,outstanding_credit,appliances,8141,500_to_1000,greater_7,5,male,none,4,car_other,53,none,free,2,skilled,1,yes,yes,Risk
360,360,no_checking,41,prior_payments_delayed,repairs,7347,500_to_1000,4_to_7,5,male,co-applicant,3,unknown,44,none,own,2,skilled,2,yes,yes,Risk
361,361,no_checking,12,all_credits_paid_back,vacation,1529,500_to_1000,4_to_7,3,female,none,3,savings_insurance,32,none,own,1,skilled,1,none,yes,No Risk
362,362,less_0,22,prior_payments_delayed,furniture,1129,greater_1000,1_to_4,3,female,none,2,car_other,37,bank,rent,2,unemployed,2,yes,yes,No Risk
363,363,no_checking,34,prior_payments_delayed,appliances,6502,500_to_1000,4_to_7,5,female,co-applicant,3,car_other,54,none,own,1,skilled,1,none,yes,Risk
364,364,less_0,7,no_credits,car_used,250,less_100,less_1,2,male,none,2,real_estate,19,bank,rent,1,unskilled,1,none,yes,No Risk
365,365,0_to_200,35,outstanding_credit,repairs,5650,500_to_1000,greater_7,5,male,none,3,unknown,45,none,own,2,skilled,1,yes,yes,No Risk
366,366,0_to_200,32,credits_paid_to_date,furniture,2165,100_to_500,1_to_4,2,female,co-applicant,3,savings_insurance,37,bank,own,1,unskilled,1,none,yes,Risk
367,367,less_0,12,all_credits_paid_back,radio_tv,288,less_100,1_to_4,2,female,none,2,car_other,37,stores,own,1,unskilled,1,none,yes,No Risk
368,368,no_checking,20,outstanding_credit,appliances,3451,unknown,1_to_4,4,male,none,3,car_other,32,stores,own,2,unskilled,2,yes,yes,No Risk
369,369,0_to_200,4,all_credits_paid_back,car_new,250,500_to_1000,unemployed,1,male,none,1,real_estate,24,none,rent,1,skilled,1,none,yes,No Risk
370,370,no_checking,40,credits_paid_to_date,appliances,6327,100_to_500,1_to_4,4,male,none,4,savings_insurance,38,none,own,2,skilled,1,yes,yes,No Risk
371,371,less_0,14,all_credits_paid_back,furniture,1138,less_100,4_to_7,2,female,none,1,real_estate,27,stores,own,1,skilled,1,none,yes,No Risk
372,372,greater_200,20,all_credits_paid_back,car_new,1931,less_100,less_1,2,female,co-applicant,3,real_estate,43,none,own,2,skilled,1,yes,yes,No Risk
373,373,0_to_200,17,credits_paid_to_date,retraining,4275,less_100,less_1,3,female,none,2,car_other,31,none,own,1,skilled,1,none,yes,No Risk
374,374,less_0,16,prior_payments_delayed,car_used,3161,less_100,1_to_4,2,male,co-applicant,3,savings_insurance,34,stores,own,1,skilled,1,yes,yes,Risk
375,375,no_checking,24,outstanding_credit,car_used,5037,500_to_1000,4_to_7,4,female,none,5,car_other,45,none,own,2,management_self-employed,1,yes,yes,Risk
376,376,0_to_200,28,credits_paid_to_date,car_used,723,less_100,4_to_7,3,male,none,2,savings_insurance,37,stores,rent,1,skilled,1,none,yes,No Risk
377,377,less_0,37,credits_paid_to_date,education,4892,less_100,4_to_7,3,male,none,3,car_other,31,bank,own,2,unemployed,1,none,yes,No Risk
378,378,less_0,4,all_credits_paid_back,car_new,250,less_100,unemployed,2,female,none,1,real_estate,19,none,own,1,skilled,1,none,yes,No Risk
379,379,no_checking,42,outstanding_credit,education,5964,unknown,greater_7,4,male,co-applicant,3,unknown,49,bank,rent,2,unemployed,2,none,yes,Risk
380,380,no_checking,14,credits_paid_to_date,furniture,5071,greater_1000,greater_7,4,male,none,4,car_other,29,none,own,1,skilled,1,none,yes,No Risk
381,381,0_to_200,15,credits_paid_to_date,car_used,2853,less_100,1_to_4,3,female,none,1,savings_insurance,37,none,own,2,skilled,1,none,yes,No Risk
382,382,less_0,23,credits_paid_to_date,radio_tv,250,less_100,4_to_7,2,male,none,1,savings_insurance,26,stores,own,2,unskilled,1,none,yes,No Risk
383,383,no_checking,45,outstanding_credit,education,6607,greater_1000,greater_7,5,male,co-applicant,5,unknown,53,stores,free,2,unskilled,2,yes,yes,Risk
384,384,no_checking,37,prior_payments_delayed,appliances,6199,greater_1000,4_to_7,4,male,none,4,savings_insurance,46,none,own,2,skilled,1,none,yes,No Risk
385,385,0_to_200,32,credits_paid_to_date,business,4810,less_100,greater_7,4,male,none,2,car_other,44,none,own,2,skilled,1,none,no,No Risk
386,386,no_checking,40,outstanding_credit,repairs,7482,greater_1000,greater_7,6,male,guarantor,4,unknown,73,bank,free,2,unemployed,1,yes,yes,Risk
387,387,less_0,26,outstanding_credit,appliances,2807,100_to_500,1_to_4,3,male,none,2,savings_insurance,32,none,own,1,skilled,1,none,yes,No Risk
388,388,less_0,4,all_credits_paid_back,car_new,1518,less_100,less_1,2,male,none,3,real_estate,31,none,own,1,management_self-employed,1,yes,yes,No Risk
389,389,0_to_200,13,credits_paid_to_date,car_new,250,less_100,4_to_7,2,male,none,3,real_estate,19,none,own,1,skilled,1,none,yes,No Risk
390,390,less_0,4,all_credits_paid_back,car_used,2086,less_100,less_1,2,female,none,2,savings_insurance,29,none,own,1,skilled,1,none,yes,No Risk
391,391,no_checking,48,outstanding_credit,radio_tv,7184,unknown,greater_7,5,male,co-applicant,4,car_other,43,none,free,3,skilled,2,yes,no,Risk
392,392,no_checking,35,prior_payments_delayed,furniture,5222,500_to_1000,greater_7,5,male,none,4,car_other,48,stores,free,2,unskilled,2,yes,yes,No Risk
393,393,0_to_200,14,credits_paid_to_date,car_new,2652,less_100,less_1,3,male,none,3,savings_insurance,32,none,own,1,skilled,1,none,yes,No Risk
394,394,no_checking,15,outstanding_credit,radio_tv,7200,100_to_500,greater_7,4,male,none,5,car_other,42,none,own,2,skilled,1,yes,yes,No Risk
395,395,no_checking,41,outstanding_credit,radio_tv,7631,greater_1000,4_to_7,5,male,co-applicant,5,unknown,53,stores,own,2,unskilled,2,yes,yes,No Risk
396,396,0_to_200,27,outstanding_credit,car_used,1571,unknown,greater_7,4,male,none,4,savings_insurance,29,none,own,1,skilled,2,yes,yes,No Risk
397,397,no_checking,36,prior_payments_delayed,furniture,4821,500_to_1000,1_to_4,4,male,none,3,unknown,54,stores,own,2,unskilled,1,yes,yes,Risk
398,398,less_0,9,all_credits_paid_back,car_used,250,100_to_500,less_1,1,male,none,2,real_estate,23,stores,rent,1,skilled,1,none,yes,No Risk
399,399,less_0,11,prior_payments_delayed,furniture,1821,less_100,1_to_4,2,female,co-applicant,3,car_other,44,stores,own,1,skilled,1,yes,yes,No Risk
400,400,no_checking,26,outstanding_credit,radio_tv,6623,500_to_1000,greater_7,5,male,none,4,car_other,48,none,free,2,management_self-employed,1,yes,yes,Risk
401,401,0_to_200,20,all_credits_paid_back,car_used,1412,less_100,1_to_4,3,female,co-applicant,3,real_estate,48,none,own,1,skilled,1,none,yes,Risk
402,402,0_to_200,22,credits_paid_to_date,radio_tv,930,less_100,1_to_4,3,female,none,2,car_other,38,none,own,1,skilled,1,none,yes,No Risk
403,403,no_checking,24,prior_payments_delayed,radio_tv,8184,greater_1000,greater_7,5,male,co-applicant,5,unknown,55,none,own,2,skilled,2,yes,yes,Risk
404,404,no_checking,59,outstanding_credit,appliances,7118,unknown,greater_7,5,male,guarantor,4,unknown,50,none,free,2,skilled,2,yes,yes,Risk
405,405,no_checking,29,outstanding_credit,appliances,6658,unknown,4_to_7,4,female,guarantor,4,car_other,61,none,free,2,unskilled,1,yes,yes,Risk
406,406,no_checking,25,all_credits_paid_back,car_used,8070,500_to_1000,greater_7,5,male,none,5,car_other,41,stores,own,2,unskilled,1,yes,yes,No Risk
407,407,less_0,21,prior_payments_delayed,car_used,2483,less_100,4_to_7,4,male,none,3,car_other,37,none,own,2,skilled,1,yes,yes,No Risk
408,408,greater_200,20,credits_paid_to_date,furniture,250,100_to_500,1_to_4,1,female,co-applicant,3,real_estate,39,bank,own,1,unemployed,1,yes,yes,No Risk
409,409,0_to_200,17,prior_payments_delayed,radio_tv,2719,greater_1000,4_to_7,2,female,none,3,car_other,40,stores,own,2,skilled,1,none,yes,No Risk
410,410,no_checking,13,credits_paid_to_date,car_new,2290,less_100,less_1,2,male,co-applicant,4,real_estate,47,none,own,2,skilled,1,none,yes,No Risk
411,411,0_to_200,18,prior_payments_delayed,appliances,2774,500_to_1000,4_to_7,3,male,none,3,car_other,33,none,own,1,skilled,1,yes,yes,No Risk
412,412,no_checking,38,prior_payments_delayed,repairs,7468,unknown,4_to_7,4,male,co-applicant,5,car_other,48,none,own,2,skilled,1,yes,yes,Risk
413,413,less_0,10,all_credits_paid_back,car_new,2173,less_100,less_1,1,male,none,1,real_estate,21,none,rent,1,skilled,1,none,yes,No Risk
414,414,less_0,20,credits_paid_to_date,furniture,3366,less_100,4_to_7,3,male,none,1,car_other,44,stores,own,2,unskilled,1,yes,yes,No Risk
415,415,less_0,4,all_credits_paid_back,car_new,250,100_to_500,less_1,1,female,none,1,real_estate,21,bank,rent,1,unskilled,1,none,yes,No Risk
416,416,less_0,10,prior_payments_delayed,car_used,521,less_100,1_to_4,3,male,none,3,savings_insurance,31,none,own,1,skilled,1,none,yes,No Risk
417,417,no_checking,25,prior_payments_delayed,furniture,5087,100_to_500,1_to_4,4,female,none,4,car_other,48,none,own,1,skilled,2,yes,yes,No Risk
418,418,0_to_200,14,credits_paid_to_date,furniture,3182,less_100,unemployed,2,female,none,3,car_other,29,none,rent,1,skilled,1,none,yes,No Risk
419,419,0_to_200,32,credits_paid_to_date,business,3283,100_to_500,1_to_4,2,male,none,1,car_other,31,none,own,1,skilled,1,none,yes,No Risk
420,420,0_to_200,35,credits_paid_to_date,retraining,3810,less_100,4_to_7,3,female,co-applicant,2,unknown,43,stores,own,1,skilled,1,none,yes,No Risk
421,421,0_to_200,4,credits_paid_to_date,car_new,3104,less_100,less_1,2,male,none,2,real_estate,19,stores,rent,1,unskilled,1,none,yes,No Risk
422,422,less_0,10,prior_payments_delayed,retraining,5576,less_100,4_to_7,4,female,none,3,car_other,33,bank,own,1,unskilled,1,none,yes,No Risk
423,423,no_checking,19,credits_paid_to_date,radio_tv,2238,500_to_1000,1_to_4,3,female,none,2,car_other,27,none,free,2,skilled,1,none,yes,No Risk
424,424,no_checking,33,outstanding_credit,repairs,5717,unknown,greater_7,5,male,co-applicant,5,unknown,54,none,free,2,skilled,2,yes,yes,Risk
425,425,less_0,10,all_credits_paid_back,car_used,1665,less_100,1_to_4,3,female,none,2,savings_insurance,31,none,own,1,skilled,1,none,yes,No Risk
426,426,0_to_200,4,credits_paid_to_date,car_new,250,less_100,unemployed,2,female,none,1,real_estate,21,none,rent,1,management_self-employed,1,none,yes,No Risk
427,427,less_0,13,all_credits_paid_back,car_used,250,less_100,less_1,2,male,none,2,real_estate,19,none,rent,1,skilled,1,none,yes,No Risk
428,428,less_0,27,credits_paid_to_date,car_new,250,less_100,1_to_4,3,male,none,1,real_estate,19,bank,rent,1,unemployed,1,none,yes,No Risk
429,429,no_checking,11,credits_paid_to_date,furniture,4684,less_100,less_1,2,male,none,3,real_estate,42,none,free,2,management_self-employed,1,none,yes,No Risk
430,430,no_checking,27,outstanding_credit,furniture,7077,500_to_1000,greater_7,5,male,co-applicant,4,car_other,46,none,free,2,management_self-employed,1,yes,yes,Risk
431,431,0_to_200,28,credits_paid_to_date,appliances,3105,greater_1000,1_to_4,3,male,none,4,savings_insurance,31,none,own,1,skilled,1,none,yes,No Risk
432,432,0_to_200,4,credits_paid_to_date,car_new,951,100_to_500,4_to_7,2,male,none,2,real_estate,26,none,own,1,skilled,2,none,yes,No Risk
433,433,0_to_200,4,all_credits_paid_back,car_new,400,less_100,less_1,1,male,none,2,savings_insurance,20,stores,own,1,skilled,1,none,yes,No Risk
434,434,less_0,12,all_credits_paid_back,furniture,250,less_100,1_to_4,3,female,none,1,car_other,29,none,own,1,skilled,1,none,yes,No Risk
435,435,no_checking,34,prior_payments_delayed,business,6062,greater_1000,1_to_4,3,male,none,4,car_other,42,none,own,2,skilled,1,yes,yes,No Risk
436,436,no_checking,28,all_credits_paid_back,car_used,1038,100_to_500,4_to_7,3,male,none,3,real_estate,46,bank,own,1,unemployed,2,yes,yes,No Risk
437,437,no_checking,46,outstanding_credit,education,8219,unknown,4_to_7,5,male,co-applicant,5,car_other,50,none,free,2,skilled,1,yes,yes,Risk
438,438,no_checking,42,credits_paid_to_date,furniture,6640,100_to_500,1_to_4,3,male,none,4,car_other,36,none,own,2,skilled,1,none,yes,No Risk
439,439,less_0,13,all_credits_paid_back,car_new,2337,100_to_500,1_to_4,3,male,none,1,real_estate,27,none,own,2,skilled,1,none,yes,No Risk
440,440,0_to_200,35,all_credits_paid_back,car_used,2018,greater_1000,4_to_7,2,female,none,3,savings_insurance,47,stores,rent,3,unskilled,1,yes,yes,Risk
441,441,less_0,15,credits_paid_to_date,car_new,2326,500_to_1000,less_1,2,male,none,3,car_other,28,stores,rent,1,unskilled,1,yes,yes,No Risk
442,442,no_checking,54,outstanding_credit,education,5607,greater_1000,1_to_4,4,male,none,4,car_other,36,none,own,1,skilled,1,none,yes,No Risk
443,443,greater_200,12,prior_payments_delayed,radio_tv,336,100_to_500,4_to_7,3,male,none,3,savings_insurance,33,none,free,1,skilled,1,yes,yes,No Risk
444,444,0_to_200,18,prior_payments_delayed,furniture,5313,less_100,4_to_7,4,male,none,2,savings_insurance,31,none,own,1,skilled,1,none,yes,No Risk
445,445,0_to_200,15,credits_paid_to_date,appliances,250,less_100,less_1,2,female,none,2,savings_insurance,32,none,own,1,skilled,1,none,yes,No Risk
446,446,less_0,9,prior_payments_delayed,car_new,2274,less_100,1_to_4,2,male,none,3,car_other,31,none,rent,1,skilled,2,none,yes,No Risk
447,447,no_checking,29,prior_payments_delayed,car_used,7120,unknown,4_to_7,4,male,none,4,unknown,50,none,own,3,skilled,2,yes,yes,Risk
448,448,less_0,21,prior_payments_delayed,radio_tv,2085,less_100,4_to_7,3,female,none,2,savings_insurance,30,stores,own,1,skilled,1,none,yes,No Risk
449,449,no_checking,27,prior_payments_delayed,appliances,6905,100_to_500,4_to_7,4,male,none,4,savings_insurance,41,none,own,2,management_self-employed,1,none,yes,No Risk
450,450,greater_200,22,prior_payments_delayed,radio_tv,3995,100_to_500,1_to_4,4,male,none,3,savings_insurance,46,stores,own,1,unskilled,1,yes,yes,No Risk
451,451,no_checking,35,outstanding_credit,appliances,5520,500_to_1000,4_to_7,4,male,none,4,car_other,43,none,own,2,skilled,2,yes,yes,No Risk
452,452,less_0,15,credits_paid_to_date,appliances,816,less_100,4_to_7,2,female,none,1,savings_insurance,26,none,own,1,skilled,1,none,yes,No Risk
453,453,no_checking,24,prior_payments_delayed,furniture,4738,100_to_500,greater_7,3,female,none,4,car_other,47,none,own,2,skilled,1,yes,yes,Risk
454,454,no_checking,56,outstanding_credit,appliances,8005,unknown,4_to_7,5,male,guarantor,4,car_other,56,none,free,2,skilled,1,yes,yes,Risk
455,455,0_to_200,34,outstanding_credit,appliances,3399,500_to_1000,4_to_7,4,male,none,3,savings_insurance,27,none,own,1,skilled,1,yes,yes,No Risk
456,456,no_checking,22,credits_paid_to_date,furniture,2900,100_to_500,1_to_4,3,female,none,4,real_estate,35,none,own,2,skilled,1,none,yes,No Risk
457,457,less_0,12,all_credits_paid_back,car_used,916,less_100,less_1,2,female,co-applicant,2,savings_insurance,38,none,own,1,skilled,1,none,yes,No Risk
458,458,no_checking,36,prior_payments_delayed,appliances,2433,500_to_1000,4_to_7,3,male,none,4,savings_insurance,40,none,own,1,skilled,2,yes,yes,Risk
459,459,0_to_200,23,outstanding_credit,furniture,2457,500_to_1000,greater_7,4,female,co-applicant,4,car_other,50,stores,own,1,unskilled,1,none,yes,Risk
460,460,no_checking,10,prior_payments_delayed,repairs,2560,100_to_500,1_to_4,3,male,none,2,car_other,28,none,own,1,management_self-employed,1,none,yes,No Risk
461,461,0_to_200,22,outstanding_credit,business,3705,100_to_500,4_to_7,2,male,none,2,unknown,32,none,own,1,skilled,1,yes,yes,No Risk
462,462,less_0,12,all_credits_paid_back,car_used,250,less_100,unemployed,2,female,co-applicant,2,savings_insurance,19,stores,own,1,skilled,1,none,yes,No Risk
463,463,less_0,4,all_credits_paid_back,car_new,250,less_100,unemployed,1,female,none,1,savings_insurance,30,none,rent,1,skilled,1,none,yes,No Risk
464,464,0_to_200,5,prior_payments_delayed,furniture,3207,less_100,less_1,3,female,none,3,savings_insurance,37,none,own,1,management_self-employed,1,yes,yes,No Risk
465,465,greater_200,29,prior_payments_delayed,appliances,3533,100_to_500,4_to_7,2,female,none,3,savings_insurance,44,none,own,1,skilled,1,none,yes,No Risk
466,466,no_checking,23,prior_payments_delayed,furniture,6959,100_to_500,greater_7,4,male,none,4,savings_insurance,38,none,own,1,skilled,1,none,yes,No Risk
467,467,no_checking,34,credits_paid_to_date,business,4674,500_to_1000,4_to_7,4,female,none,3,savings_insurance,44,none,own,2,skilled,1,none,yes,Risk
468,468,0_to_200,4,all_credits_paid_back,car_new,250,less_100,unemployed,1,female,none,1,real_estate,19,none,rent,1,skilled,1,none,yes,No Risk
469,469,no_checking,21,credits_paid_to_date,retraining,3167,100_to_500,greater_7,3,female,none,3,car_other,31,bank,own,1,unemployed,1,none,yes,No Risk
470,470,0_to_200,17,credits_paid_to_date,car_used,1052,less_100,less_1,2,female,none,3,real_estate,28,none,own,1,skilled,1,none,yes,No Risk
471,471,0_to_200,4,all_credits_paid_back,car_new,250,less_100,1_to_4,2,male,none,1,real_estate,25,none,own,1,skilled,1,none,yes,No Risk
472,472,less_0,36,outstanding_credit,appliances,4425,unknown,greater_7,3,female,none,4,unknown,46,stores,free,2,skilled,2,yes,yes,Risk
473,473,0_to_200,18,prior_payments_delayed,car_new,5601,less_100,1_to_4,3,male,none,4,car_other,36,none,own,1,management_self-employed,2,yes,yes,No Risk
474,474,no_checking,34,outstanding_credit,repairs,6523,unknown,4_to_7,4,male,co-applicant,3,unknown,48,none,free,2,skilled,1,yes,yes,Risk
475,475,0_to_200,7,prior_payments_delayed,repairs,931,less_100,less_1,3,male,none,3,savings_insurance,19,bank,rent,1,unskilled,1,none,yes,No Risk
476,476,less_0,7,all_credits_paid_back,car_used,250,100_to_500,less_1,2,male,none,1,real_estate,30,stores,rent,1,skilled,1,none,yes,No Risk
477,477,no_checking,36,prior_payments_delayed,furniture,2227,500_to_1000,4_to_7,3,male,none,3,real_estate,22,none,own,1,management_self-employed,2,yes,yes,Risk
478,478,less_0,14,prior_payments_delayed,furniture,711,less_100,1_to_4,3,male,none,3,savings_insurance,36,none,own,1,skilled,1,yes,yes,No Risk
479,479,no_checking,25,prior_payments_delayed,car_used,4696,100_to_500,1_to_4,3,male,none,4,savings_insurance,35,none,free,1,management_self-employed,1,yes,yes,No Risk
480,480,0_to_200,32,prior_payments_delayed,education,4212,500_to_1000,1_to_4,3,male,none,2,savings_insurance,32,none,own,1,skilled,2,yes,yes,No Risk
481,481,no_checking,20,credits_paid_to_date,radio_tv,5148,100_to_500,4_to_7,4,female,none,3,savings_insurance,39,none,own,1,management_self-employed,1,none,yes,No Risk
482,482,less_0,16,credits_paid_to_date,car_used,1371,500_to_1000,less_1,2,male,none,3,savings_insurance,33,bank,rent,2,unemployed,1,none,yes,No Risk
483,483,no_checking,35,outstanding_credit,repairs,6523,greater_1000,greater_7,4,male,co-applicant,5,car_other,51,stores,own,2,unskilled,2,yes,yes,Risk
484,484,less_0,6,all_credits_paid_back,car_new,250,less_100,less_1,1,male,none,2,real_estate,19,none,rent,1,skilled,1,none,yes,No Risk
485,485,0_to_200,13,credits_paid_to_date,car_new,2441,less_100,4_to_7,3,female,co-applicant,3,savings_insurance,45,none,own,1,skilled,1,yes,yes,Risk
486,486,less_0,33,prior_payments_delayed,furniture,250,100_to_500,greater_7,3,male,none,3,real_estate,21,stores,own,1,unskilled,1,yes,yes,No Risk
487,487,0_to_200,11,prior_payments_delayed,car_new,5784,less_100,4_to_7,3,male,none,3,unknown,35,none,own,2,skilled,1,yes,yes,No Risk
488,488,no_checking,25,prior_payments_delayed,repairs,7584,100_to_500,less_1,4,male,none,5,car_other,35,none,own,1,management_self-employed,1,none,yes,No Risk
489,489,no_checking,37,outstanding_credit,radio_tv,8258,greater_1000,greater_7,5,male,co-applicant,5,unknown,50,none,free,2,skilled,2,yes,yes,Risk
490,490,no_checking,40,outstanding_credit,repairs,5624,greater_1000,greater_7,5,male,co-applicant,5,car_other,42,none,free,2,skilled,1,yes,yes,Risk
491,491,no_checking,32,prior_payments_delayed,appliances,6954,500_to_1000,greater_7,4,female,none,4,car_other,58,none,own,2,skilled,1,none,yes,Risk
492,492,no_checking,31,prior_payments_delayed,appliances,2071,500_to_1000,greater_7,4,male,guarantor,4,savings_insurance,46,none,free,1,unskilled,1,yes,yes,No Risk
493,493,less_0,31,outstanding_credit,furniture,4928,100_to_500,greater_7,3,male,none,3,unknown,39,stores,own,1,skilled,1,none,yes,Risk
494,494,0_to_200,14,credits_paid_to_date,vacation,2126,less_100,4_to_7,2,male,none,3,car_other,47,none,own,1,skilled,1,yes,yes,No Risk
495,495,0_to_200,33,prior_payments_delayed,appliances,2490,greater_1000,4_to_7,3,male,none,4,real_estate,33,none,own,2,skilled,1,yes,no,No Risk
496,496,0_to_200,21,outstanding_credit,radio_tv,2992,100_to_500,1_to_4,2,female,none,1,savings_insurance,37,stores,own,1,skilled,1,none,yes,No Risk
497,497,0_to_200,34,prior_payments_delayed,appliances,2660,100_to_500,1_to_4,3,female,none,1,savings_insurance,29,bank,own,1,unemployed,1,none,yes,No Risk
498,498,no_checking,31,prior_payments_delayed,radio_tv,5966,100_to_500,greater_7,5,male,none,3,savings_insurance,44,none,free,2,skilled,1,none,yes,No Risk
499,499,no_checking,45,prior_payments_delayed,appliances,10540,500_to_1000,1_to_4,5,female,co-applicant,4,car_other,36,none,free,2,management_self-employed,2,yes,yes,Risk
500,500,no_checking,26,prior_payments_delayed,car_used,6078,unknown,1_to_4,4,male,none,5,savings_insurance,42,none,own,2,skilled,1,none,no,No Risk
501,501,less_0,22,no_credits,vacation,250,100_to_500,less_1,2,female,none,2,real_estate,19,stores,rent,1,skilled,1,none,yes,No Risk
502,502,no_checking,36,prior_payments_delayed,furniture,8293,500_to_1000,greater_7,4,male,guarantor,4,car_other,54,none,free,2,skilled,1,yes,yes,Risk
503,503,no_checking,28,prior_payments_delayed,appliances,3731,unknown,1_to_4,3,male,none,3,car_other,28,none,rent,1,skilled,1,none,yes,No Risk
504,504,no_checking,25,prior_payments_delayed,business,6065,100_to_500,4_to_7,3,male,none,4,car_other,42,none,own,1,management_self-employed,1,none,yes,No Risk
505,505,no_checking,42,outstanding_credit,repairs,6617,greater_1000,greater_7,5,male,co-applicant,5,unknown,60,none,free,3,skilled,2,yes,yes,Risk
506,506,less_0,15,credits_paid_to_date,car_used,4638,less_100,1_to_4,3,male,none,3,car_other,19,none,own,1,skilled,1,none,yes,No Risk
507,507,no_checking,12,credits_paid_to_date,furniture,3955,less_100,1_to_4,3,male,none,3,savings_insurance,26,none,own,1,management_self-employed,1,none,yes,No Risk
508,508,0_to_200,31,credits_paid_to_date,appliances,2909,100_to_500,1_to_4,2,female,none,3,car_other,41,bank,own,1,unemployed,1,none,yes,No Risk
509,509,0_to_200,16,credits_paid_to_date,vacation,2727,500_to_1000,1_to_4,3,male,none,3,real_estate,33,none,own,1,management_self-employed,1,none,yes,No Risk
510,510,0_to_200,16,credits_paid_to_date,furniture,3196,less_100,1_to_4,3,male,co-applicant,3,real_estate,40,none,own,2,skilled,1,yes,yes,Risk
511,511,no_checking,29,prior_payments_delayed,car_used,1661,unknown,greater_7,2,female,none,4,real_estate,44,none,own,2,skilled,1,none,yes,Risk
512,512,less_0,29,outstanding_credit,appliances,3237,greater_1000,greater_7,3,male,none,4,savings_insurance,31,none,own,2,skilled,1,none,yes,Risk
513,513,no_checking,26,prior_payments_delayed,radio_tv,4426,100_to_500,greater_7,3,female,none,3,car_other,46,bank,rent,2,unemployed,1,none,yes,Risk
514,514,less_0,18,credits_paid_to_date,car_new,1775,less_100,less_1,2,male,none,3,savings_insurance,20,none,rent,1,skilled,1,none,yes,No Risk
515,515,no_checking,24,outstanding_credit,appliances,4791,500_to_1000,greater_7,4,female,none,2,car_other,50,none,free,2,skilled,1,yes,yes,Risk
516,516,no_checking,24,prior_payments_delayed,furniture,5728,100_to_500,1_to_4,3,male,none,2,car_other,38,none,free,2,skilled,1,yes,yes,No Risk
517,517,greater_200,25,outstanding_credit,radio_tv,2266,500_to_1000,4_to_7,3,male,none,4,car_other,31,none,own,1,skilled,1,none,yes,No Risk
518,518,less_0,29,credits_paid_to_date,radio_tv,4399,less_100,1_to_4,3,female,none,2,savings_insurance,25,stores,own,2,skilled,1,none,yes,No Risk
519,519,0_to_200,13,credits_paid_to_date,car_new,4211,less_100,1_to_4,2,female,none,2,real_estate,36,none,own,2,skilled,1,none,yes,No Risk
520,520,no_checking,20,outstanding_credit,radio_tv,5075,unknown,greater_7,5,male,none,4,unknown,60,none,free,2,skilled,2,yes,no,Risk
521,521,no_checking,10,credits_paid_to_date,radio_tv,650,greater_1000,less_1,2,male,none,2,real_estate,25,stores,rent,1,unskilled,1,none,yes,No Risk
522,522,less_0,10,all_credits_paid_back,car_used,2323,less_100,less_1,2,male,none,3,savings_insurance,19,bank,rent,1,unskilled,1,none,yes,No Risk
523,523,less_0,21,credits_paid_to_date,furniture,2174,less_100,less_1,2,female,none,1,car_other,35,stores,own,1,skilled,1,none,yes,No Risk
524,524,less_0,16,prior_payments_delayed,car_new,3009,500_to_1000,less_1,3,male,none,3,car_other,37,none,own,2,skilled,1,none,yes,No Risk
525,525,no_checking,35,outstanding_credit,education,5289,500_to_1000,4_to_7,5,male,none,3,car_other,47,none,own,2,management_self-employed,2,yes,yes,No Risk
526,526,no_checking,19,outstanding_credit,appliances,5674,100_to_500,1_to_4,4,female,none,3,unknown,36,none,own,1,management_self-employed,1,none,yes,No Risk
527,527,less_0,8,all_credits_paid_back,car_used,1312,less_100,1_to_4,1,female,none,1,savings_insurance,24,bank,rent,1,unemployed,1,none,yes,No Risk
528,528,no_checking,27,outstanding_credit,appliances,8116,unknown,greater_7,4,male,guarantor,5,car_other,53,none,free,2,skilled,1,yes,yes,Risk
529,529,no_checking,51,outstanding_credit,repairs,7248,greater_1000,greater_7,5,male,co-applicant,5,car_other,42,none,free,2,skilled,1,yes,yes,Risk
530,530,no_checking,35,prior_payments_delayed,furniture,7824,500_to_1000,greater_7,3,male,co-applicant,3,car_other,44,none,free,2,skilled,1,none,yes,Risk
531,531,no_checking,35,outstanding_credit,other,3482,unknown,greater_7,4,male,none,4,car_other,59,none,free,2,skilled,2,yes,yes,Risk
532,532,less_0,11,prior_payments_delayed,car_new,250,100_to_500,less_1,2,female,none,1,car_other,31,bank,rent,1,unemployed,2,none,yes,No Risk
533,533,no_checking,29,prior_payments_delayed,car_used,6020,unknown,4_to_7,3,male,none,3,savings_insurance,31,none,own,1,management_self-employed,1,none,yes,No Risk
534,534,no_checking,29,outstanding_credit,appliances,5123,greater_1000,greater_7,5,male,none,3,savings_insurance,46,stores,own,2,skilled,1,none,yes,No Risk
535,535,no_checking,34,credits_paid_to_date,furniture,8074,500_to_1000,greater_7,4,male,co-applicant,3,savings_insurance,40,stores,own,2,unskilled,1,yes,yes,Risk
536,536,no_checking,26,prior_payments_delayed,furniture,5092,100_to_500,4_to_7,3,female,co-applicant,3,car_other,47,bank,own,1,unemployed,1,yes,yes,Risk
537,537,no_checking,30,outstanding_credit,appliances,6180,unknown,4_to_7,3,female,none,4,unknown,46,none,own,2,skilled,2,none,yes,Risk
538,538,no_checking,26,prior_payments_delayed,appliances,4721,100_to_500,1_to_4,3,female,none,4,savings_insurance,44,none,own,1,skilled,1,yes,yes,No Risk
539,539,no_checking,29,prior_payments_delayed,repairs,4657,100_to_500,4_to_7,4,male,none,4,savings_insurance,38,none,own,1,management_self-employed,1,none,yes,No Risk
540,540,greater_200,28,prior_payments_delayed,furniture,4048,100_to_500,1_to_4,3,male,none,2,savings_insurance,24,none,own,2,skilled,1,yes,yes,No Risk
541,541,no_checking,39,prior_payments_delayed,repairs,6110,unknown,4_to_7,4,male,none,4,savings_insurance,50,stores,own,3,unskilled,2,yes,yes,No Risk
542,542,no_checking,30,outstanding_credit,radio_tv,5283,greater_1000,4_to_7,4,male,none,4,unknown,58,none,free,2,skilled,2,yes,yes,Risk
543,543,no_checking,34,prior_payments_delayed,furniture,5056,500_to_1000,4_to_7,4,male,none,5,savings_insurance,43,stores,own,2,unskilled,1,yes,yes,No Risk
544,544,no_checking,32,outstanding_credit,furniture,6066,unknown,4_to_7,4,male,none,5,unknown,48,stores,own,3,unskilled,2,yes,yes,Risk
545,545,no_checking,20,credits_paid_to_date,radio_tv,2239,500_to_1000,1_to_4,2,female,none,2,real_estate,29,bank,own,1,unemployed,1,none,yes,No Risk
546,546,0_to_200,23,prior_payments_delayed,radio_tv,2829,less_100,1_to_4,2,female,none,2,savings_insurance,38,stores,own,1,skilled,1,none,yes,No Risk
547,547,less_0,16,credits_paid_to_date,furniture,250,less_100,4_to_7,2,female,none,1,savings_insurance,19,stores,own,1,unskilled,1,none,yes,No Risk
548,548,0_to_200,16,credits_paid_to_date,car_new,3181,less_100,4_to_7,3,male,none,2,car_other,40,none,own,2,skilled,1,none,no,No Risk
549,549,no_checking,25,outstanding_credit,vacation,4296,500_to_1000,greater_7,5,male,none,4,car_other,47,none,free,2,skilled,1,yes,yes,Risk
550,550,no_checking,48,outstanding_credit,appliances,6251,greater_1000,4_to_7,5,male,co-applicant,5,unknown,53,none,own,2,management_self-employed,2,yes,yes,Risk
551,551,no_checking,31,prior_payments_delayed,car_used,4209,unknown,greater_7,4,male,none,3,savings_insurance,42,none,own,2,skilled,1,yes,yes,No Risk
552,552,0_to_200,15,prior_payments_delayed,furniture,3295,less_100,4_to_7,4,male,co-applicant,4,car_other,51,none,free,1,skilled,1,yes,yes,No Risk
553,553,0_to_200,28,credits_paid_to_date,furniture,3515,less_100,less_1,2,male,none,3,car_other,31,none,own,2,skilled,2,yes,yes,No Risk
554,554,no_checking,18,prior_payments_delayed,retraining,2036,100_to_500,1_to_4,3,male,none,3,real_estate,28,stores,own,1,unskilled,1,yes,yes,No Risk
555,555,less_0,4,credits_paid_to_date,education,250,less_100,unemployed,2,female,none,1,real_estate,19,none,rent,1,management_self-employed,1,none,yes,No Risk
556,556,0_to_200,10,credits_paid_to_date,car_used,2430,less_100,unemployed,2,male,none,3,real_estate,31,none,own,1,skilled,1,none,yes,No Risk
557,557,0_to_200,22,outstanding_credit,education,1846,100_to_500,1_to_4,3,female,co-applicant,2,real_estate,41,none,own,1,skilled,1,yes,yes,No Risk
558,558,greater_200,46,prior_payments_delayed,furniture,2546,500_to_1000,greater_7,4,male,guarantor,2,savings_insurance,36,stores,free,1,unskilled,1,yes,yes,No Risk
559,559,no_checking,37,prior_payments_delayed,repairs,7928,500_to_1000,greater_7,4,male,co-applicant,5,unknown,50,none,free,2,management_self-employed,2,yes,yes,Risk
560,560,less_0,22,credits_paid_to_date,retraining,2683,less_100,less_1,3,female,none,2,savings_insurance,28,none,own,1,skilled,1,none,yes,No Risk
561,561,less_0,19,credits_paid_to_date,car_new,2192,500_to_1000,4_to_7,2,male,none,2,car_other,34,none,own,2,skilled,1,none,yes,No Risk
562,562,less_0,4,credits_paid_to_date,car_used,1657,less_100,less_1,2,female,none,3,savings_insurance,20,none,rent,1,skilled,1,none,yes,No Risk
563,563,no_checking,30,prior_payments_delayed,appliances,5928,100_to_500,greater_7,4,male,none,4,car_other,44,none,free,2,skilled,1,yes,yes,No Risk
564,564,no_checking,40,prior_payments_delayed,furniture,6032,500_to_1000,4_to_7,5,male,co-applicant,3,car_other,36,stores,own,2,unskilled,2,yes,yes,No Risk
565,565,less_0,21,prior_payments_delayed,radio_tv,1782,less_100,4_to_7,2,male,none,2,savings_insurance,41,none,rent,1,skilled,1,none,yes,No Risk
566,566,no_checking,24,all_credits_paid_back,car_new,5311,less_100,1_to_4,4,male,none,3,savings_insurance,31,none,own,2,skilled,1,none,yes,No Risk
567,567,0_to_200,35,all_credits_paid_back,radio_tv,3278,less_100,4_to_7,3,male,none,1,car_other,37,none,free,2,skilled,1,yes,yes,No Risk
568,568,greater_200,19,all_credits_paid_back,car_new,3137,100_to_500,1_to_4,3,male,none,2,savings_insurance,31,none,own,2,skilled,2,none,yes,No Risk
569,569,no_checking,15,outstanding_credit,radio_tv,3722,100_to_500,4_to_7,4,male,none,4,car_other,32,stores,rent,1,unskilled,1,none,yes,No Risk
570,570,no_checking,50,outstanding_credit,repairs,9426,greater_1000,4_to_7,5,male,co-applicant,5,car_other,42,none,free,3,management_self-employed,2,yes,yes,Risk
571,571,no_checking,18,credits_paid_to_date,furniture,3366,100_to_500,1_to_4,4,male,none,4,real_estate,19,none,own,1,management_self-employed,1,none,yes,No Risk
572,572,no_checking,31,prior_payments_delayed,car_used,7864,100_to_500,greater_7,4,male,co-applicant,4,unknown,51,none,free,2,skilled,1,yes,yes,Risk
573,573,less_0,17,credits_paid_to_date,furniture,4622,less_100,1_to_4,3,female,none,2,savings_insurance,35,none,own,1,skilled,1,none,yes,No Risk
574,574,less_0,11,credits_paid_to_date,vacation,3765,100_to_500,unemployed,3,female,none,3,real_estate,34,none,rent,2,management_self-employed,1,none,yes,No Risk
575,575,no_checking,39,prior_payments_delayed,repairs,6263,500_to_1000,greater_7,5,male,none,5,car_other,48,none,free,2,skilled,2,yes,yes,Risk
576,576,less_0,12,no_credits,car_new,3147,less_100,less_1,1,male,none,2,real_estate,31,none,own,1,skilled,1,none,yes,No Risk
577,577,less_0,4,credits_paid_to_date,vacation,1576,less_100,less_1,2,female,none,2,car_other,31,none,own,1,skilled,1,none,yes,No Risk
578,578,no_checking,29,prior_payments_delayed,appliances,4338,500_to_1000,4_to_7,4,male,none,4,car_other,48,none,own,2,management_self-employed,2,yes,yes,No Risk
579,579,greater_200,36,prior_payments_delayed,appliances,4390,100_to_500,4_to_7,3,male,none,3,car_other,40,none,free,2,skilled,1,none,yes,No Risk
580,580,less_0,4,all_credits_paid_back,car_new,250,less_100,unemployed,1,male,none,1,real_estate,19,bank,rent,1,unskilled,1,none,yes,No Risk
581,581,less_0,19,credits_paid_to_date,car_used,2634,less_100,less_1,1,male,none,1,real_estate,23,stores,own,1,unskilled,1,none,yes,No Risk
582,582,greater_200,26,credits_paid_to_date,furniture,3308,100_to_500,4_to_7,4,female,none,4,car_other,55,none,own,2,management_self-employed,1,yes,yes,Risk
583,583,less_0,19,prior_payments_delayed,car_new,1904,less_100,1_to_4,2,male,none,2,savings_insurance,25,none,own,1,skilled,1,none,yes,No Risk
584,584,0_to_200,13,prior_payments_delayed,vacation,2742,less_100,4_to_7,2,male,none,3,savings_insurance,34,none,own,1,skilled,1,yes,yes,No Risk
585,585,less_0,22,credits_paid_to_date,car_used,3233,less_100,unemployed,1,female,none,2,real_estate,19,none,own,1,skilled,1,none,yes,No Risk
586,586,less_0,16,prior_payments_delayed,retraining,1781,less_100,4_to_7,3,female,none,3,car_other,35,stores,rent,1,skilled,1,none,yes,No Risk
587,587,no_checking,23,prior_payments_delayed,car_used,6572,100_to_500,1_to_4,3,female,none,4,unknown,52,none,own,2,skilled,1,none,yes,Risk
588,588,0_to_200,24,credits_paid_to_date,radio_tv,1917,less_100,4_to_7,2,male,none,2,car_other,27,none,rent,1,skilled,1,yes,yes,Risk
589,589,less_0,8,prior_payments_delayed,car_new,3793,less_100,1_to_4,2,male,co-applicant,3,car_other,37,bank,own,1,unemployed,1,yes,yes,No Risk
590,590,0_to_200,37,prior_payments_delayed,business,861,100_to_500,1_to_4,3,female,none,1,car_other,36,stores,own,2,skilled,1,none,yes,No Risk
591,591,less_0,4,all_credits_paid_back,repairs,917,less_100,unemployed,1,male,co-applicant,1,savings_insurance,40,stores,own,1,unskilled,1,yes,yes,No Risk
592,592,no_checking,23,outstanding_credit,car_used,1968,500_to_1000,1_to_4,3,female,none,3,real_estate,34,none,own,1,skilled,2,none,yes,No Risk
593,593,no_checking,25,prior_payments_delayed,car_used,3290,100_to_500,1_to_4,3,male,none,3,real_estate,23,stores,own,1,unskilled,1,none,yes,No Risk
594,594,0_to_200,32,credits_paid_to_date,other,2909,greater_1000,4_to_7,4,female,none,3,car_other,35,none,own,2,skilled,2,yes,yes,Risk
595,595,less_0,27,credits_paid_to_date,retraining,250,100_to_500,1_to_4,1,female,none,1,car_other,19,stores,rent,1,unskilled,1,none,yes,No Risk
596,596,no_checking,10,credits_paid_to_date,car_new,1586,less_100,1_to_4,2,male,none,4,real_estate,51,none,rent,1,management_self-employed,1,yes,yes,No Risk
597,597,0_to_200,27,credits_paid_to_date,furniture,2947,greater_1000,1_to_4,3,female,none,3,real_estate,33,none,own,1,skilled,1,none,yes,No Risk
598,598,less_0,29,credits_paid_to_date,furniture,2440,less_100,4_to_7,3,male,none,3,savings_insurance,39,none,own,1,skilled,1,yes,yes,No Risk
599,599,no_checking,44,prior_payments_delayed,radio_tv,6100,500_to_1000,greater_7,5,male,co-applicant,5,savings_insurance,52,none,free,2,skilled,1,yes,yes,Risk
600,600,less_0,4,credits_paid_to_date,car_new,632,100_to_500,1_to_4,1,female,co-applicant,2,real_estate,24,stores,own,1,skilled,1,none,yes,No Risk
601,601,greater_200,35,all_credits_paid_back,business,4231,500_to_1000,1_to_4,4,female,none,2,savings_insurance,29,none,own,1,skilled,1,none,yes,No Risk
602,602,greater_200,20,credits_paid_to_date,radio_tv,3299,greater_1000,4_to_7,4,female,none,3,car_other,57,none,free,2,skilled,2,yes,yes,Risk
603,603,0_to_200,29,outstanding_credit,car_used,2750,100_to_500,4_to_7,4,male,none,3,unknown,39,bank,own,1,unemployed,1,yes,yes,No Risk
604,604,0_to_200,9,prior_payments_delayed,furniture,250,less_100,less_1,1,male,none,3,savings_insurance,31,none,own,1,skilled,1,yes,yes,No Risk
605,605,greater_200,30,prior_payments_delayed,car_used,4577,100_to_500,1_to_4,4,female,none,3,savings_insurance,35,none,own,2,skilled,2,none,yes,No Risk
606,606,0_to_200,16,credits_paid_to_date,vacation,5118,less_100,4_to_7,4,male,none,4,unknown,31,none,own,1,skilled,1,none,yes,No Risk
607,607,no_checking,26,outstanding_credit,business,6764,unknown,greater_7,4,male,none,3,unknown,58,none,free,2,skilled,1,yes,yes,Risk
608,608,no_checking,33,prior_payments_delayed,appliances,3980,500_to_1000,greater_7,5,female,none,5,unknown,39,stores,own,2,unskilled,2,yes,yes,Risk
609,609,0_to_200,4,all_credits_paid_back,car_new,982,less_100,less_1,2,male,none,1,real_estate,20,bank,rent,1,unskilled,1,none,yes,No Risk
610,610,no_checking,40,outstanding_credit,radio_tv,7251,greater_1000,greater_7,5,male,co-applicant,4,unknown,55,none,free,2,skilled,2,yes,yes,Risk
611,611,no_checking,36,outstanding_credit,appliances,5671,unknown,1_to_4,4,male,none,5,car_other,41,none,own,2,skilled,2,yes,yes,No Risk
612,612,0_to_200,29,outstanding_credit,radio_tv,2078,100_to_500,4_to_7,4,male,none,4,savings_insurance,27,none,own,1,skilled,1,yes,yes,No Risk
613,613,greater_200,10,credits_paid_to_date,furniture,3176,less_100,less_1,2,female,none,2,real_estate,19,stores,own,1,skilled,1,none,yes,No Risk
614,614,less_0,15,prior_payments_delayed,radio_tv,3576,less_100,4_to_7,3,male,none,2,car_other,31,none,rent,1,skilled,1,none,yes,No Risk
615,615,less_0,12,all_credits_paid_back,appliances,250,100_to_500,1_to_4,2,female,none,2,savings_insurance,22,none,rent,1,skilled,1,none,yes,No Risk
616,616,0_to_200,30,outstanding_credit,vacation,9076,100_to_500,greater_7,4,male,none,3,unknown,30,none,own,1,skilled,1,yes,yes,No Risk
617,617,no_checking,28,outstanding_credit,appliances,7136,greater_1000,4_to_7,4,male,none,3,unknown,51,none,own,2,skilled,2,yes,yes,Risk
618,618,no_checking,46,outstanding_credit,repairs,6433,500_to_1000,greater_7,4,male,guarantor,5,car_other,52,none,free,2,skilled,1,yes,yes,Risk
619,619,greater_200,31,prior_payments_delayed,furniture,5197,500_to_1000,less_1,3,female,guarantor,4,savings_insurance,48,none,own,2,skilled,1,yes,yes,Risk
620,620,0_to_200,22,credits_paid_to_date,radio_tv,2349,100_to_500,less_1,2,male,none,3,savings_insurance,31,none,own,1,skilled,2,none,yes,No Risk
621,621,no_checking,27,prior_payments_delayed,furniture,1634,100_to_500,1_to_4,2,female,none,2,savings_insurance,35,none,rent,1,skilled,1,none,yes,No Risk
622,622,less_0,21,credits_paid_to_date,car_used,250,less_100,unemployed,2,female,none,1,real_estate,19,none,rent,1,skilled,1,none,yes,No Risk
623,623,less_0,9,credits_paid_to_date,furniture,250,less_100,4_to_7,3,female,none,1,savings_insurance,39,stores,own,1,skilled,1,yes,yes,No Risk
624,624,no_checking,50,outstanding_credit,other,7611,greater_1000,greater_7,4,male,co-applicant,4,car_other,52,none,free,2,skilled,1,yes,yes,Risk
625,625,no_checking,35,prior_payments_delayed,radio_tv,5664,500_to_1000,1_to_4,4,female,none,4,car_other,38,none,own,1,skilled,1,none,yes,No Risk
626,626,greater_200,8,credits_paid_to_date,car_new,250,500_to_1000,1_to_4,2,male,none,2,savings_insurance,22,bank,rent,1,unemployed,1,none,yes,No Risk
627,627,no_checking,31,outstanding_credit,other,9225,500_to_1000,greater_7,4,male,co-applicant,3,unknown,50,none,own,2,skilled,1,yes,yes,Risk
628,628,less_0,10,prior_payments_delayed,furniture,3772,less_100,1_to_4,3,male,none,3,unknown,30,none,own,1,skilled,2,yes,yes,No Risk
629,629,no_checking,41,prior_payments_delayed,education,7110,unknown,greater_7,5,male,co-applicant,5,unknown,64,none,free,2,skilled,2,yes,yes,Risk
630,630,0_to_200,4,all_credits_paid_back,radio_tv,250,100_to_500,1_to_4,2,female,none,2,savings_insurance,21,none,own,2,skilled,1,none,yes,No Risk
631,631,no_checking,25,prior_payments_delayed,radio_tv,5460,greater_1000,4_to_7,4,female,none,3,unknown,46,none,own,3,skilled,2,yes,yes,Risk
632,632,no_checking,29,all_credits_paid_back,repairs,3972,100_to_500,4_to_7,4,female,none,4,car_other,39,none,own,2,skilled,2,yes,yes,Risk
633,633,no_checking,38,prior_payments_delayed,repairs,4109,greater_1000,greater_7,5,male,none,5,savings_insurance,31,none,own,1,skilled,1,none,yes,No Risk
634,634,less_0,11,all_credits_paid_back,car_used,261,less_100,unemployed,2,female,none,1,real_estate,20,none,rent,2,skilled,1,none,yes,No Risk
635,635,0_to_200,5,prior_payments_delayed,furniture,3346,less_100,1_to_4,2,male,none,3,savings_insurance,26,stores,own,1,skilled,1,yes,yes,No Risk
636,636,no_checking,28,outstanding_credit,repairs,7375,500_to_1000,4_to_7,5,male,none,3,unknown,53,none,free,2,management_self-employed,1,yes,yes,Risk
637,637,no_checking,27,prior_payments_delayed,business,8206,100_to_500,4_to_7,4,female,none,3,savings_insurance,47,none,free,2,skilled,1,yes,yes,Risk
638,638,0_to_200,30,credits_paid_to_date,radio_tv,3094,100_to_500,1_to_4,2,male,none,3,savings_insurance,29,none,own,1,skilled,1,none,yes,No Risk
639,639,less_0,17,credits_paid_to_date,furniture,4850,less_100,1_to_4,3,female,none,3,savings_insurance,31,none,own,1,skilled,1,none,no,No Risk
640,640,no_checking,33,outstanding_credit,furniture,4550,greater_1000,greater_7,5,male,none,4,savings_insurance,51,none,free,3,skilled,2,yes,yes,Risk
641,641,no_checking,28,outstanding_credit,appliances,6143,unknown,greater_7,5,female,none,5,car_other,57,none,free,3,skilled,2,yes,yes,Risk
642,642,0_to_200,8,all_credits_paid_back,furniture,3905,less_100,4_to_7,3,male,none,3,real_estate,24,none,own,1,management_self-employed,1,yes,yes,No Risk
643,643,no_checking,29,all_credits_paid_back,furniture,3891,less_100,less_1,3,female,none,4,savings_insurance,32,stores,own,1,skilled,1,none,yes,Risk
644,644,less_0,19,prior_payments_delayed,retraining,2212,less_100,greater_7,4,male,none,3,savings_insurance,30,none,own,2,skilled,1,yes,yes,Risk
645,645,no_checking,36,outstanding_credit,repairs,7109,500_to_1000,4_to_7,5,male,co-applicant,4,unknown,42,none,free,2,skilled,1,yes,yes,Risk
646,646,0_to_200,20,credits_paid_to_date,car_used,3333,less_100,4_to_7,3,male,none,2,car_other,20,none,rent,1,skilled,1,none,yes,Risk
647,647,no_checking,26,all_credits_paid_back,car_used,5563,less_100,1_to_4,3,male,none,4,car_other,34,none,own,2,skilled,1,yes,yes,No Risk
648,648,no_checking,57,outstanding_credit,appliances,4424,unknown,greater_7,5,male,co-applicant,4,unknown,47,none,free,2,skilled,2,yes,yes,Risk
649,649,0_to_200,18,credits_paid_to_date,furniture,3196,less_100,1_to_4,2,male,none,3,car_other,32,none,own,1,skilled,1,yes,yes,No Risk
650,650,no_checking,35,outstanding_credit,repairs,7215,500_to_1000,greater_7,4,male,co-applicant,4,unknown,51,none,free,2,skilled,1,yes,yes,Risk
651,651,no_checking,35,prior_payments_delayed,appliances,6370,500_to_1000,4_to_7,4,male,none,5,car_other,55,none,own,2,skilled,2,yes,yes,No Risk
652,652,less_0,16,credits_paid_to_date,furniture,250,less_100,4_to_7,2,female,none,1,savings_insurance,34,stores,rent,1,skilled,1,none,yes,No Risk
653,653,0_to_200,12,credits_paid_to_date,car_new,250,less_100,4_to_7,1,female,none,3,real_estate,22,none,own,1,skilled,1,none,no,No Risk
654,654,0_to_200,20,credits_paid_to_date,retraining,2160,500_to_1000,greater_7,4,female,none,3,car_other,33,none,own,1,skilled,2,yes,yes,Risk
655,655,greater_200,32,prior_payments_delayed,radio_tv,4689,100_to_500,greater_7,3,male,none,4,unknown,45,none,own,2,skilled,1,yes,yes,Risk
656,656,no_checking,29,prior_payments_delayed,appliances,6859,100_to_500,4_to_7,4,female,none,3,car_other,47,none,free,2,skilled,1,none,yes,Risk
657,657,less_0,18,prior_payments_delayed,car_new,2616,greater_1000,less_1,2,male,co-applicant,3,savings_insurance,39,stores,own,2,skilled,1,yes,yes,No Risk
658,658,0_to_200,4,prior_payments_delayed,car_new,567,less_100,less_1,1,female,none,3,car_other,40,none,own,1,skilled,1,none,yes,No Risk
659,659,less_0,9,prior_payments_delayed,furniture,1977,less_100,1_to_4,3,male,none,3,car_other,38,none,own,2,skilled,1,yes,yes,No Risk
660,660,no_checking,35,outstanding_credit,repairs,5510,unknown,greater_7,4,male,co-applicant,3,car_other,37,stores,own,2,unskilled,1,yes,yes,Risk
661,661,greater_200,35,prior_payments_delayed,business,7798,100_to_500,4_to_7,4,male,none,2,car_other,34,none,free,2,management_self-employed,1,yes,yes,No Risk
662,662,less_0,5,no_credits,education,2247,less_100,less_1,1,female,none,1,car_other,32,none,rent,1,skilled,1,none,yes,No Risk
663,663,less_0,24,credits_paid_to_date,radio_tv,3146,less_100,1_to_4,2,female,none,3,car_other,34,stores,own,1,skilled,1,none,yes,No Risk
664,664,less_0,23,credits_paid_to_date,furniture,317,less_100,1_to_4,2,female,none,1,savings_insurance,20,bank,own,1,unskilled,1,none,yes,No Risk
665,665,0_to_200,16,credits_paid_to_date,appliances,250,less_100,less_1,3,female,none,1,real_estate,19,none,own,1,skilled,1,none,yes,No Risk
666,666,no_checking,27,prior_payments_delayed,furniture,4142,greater_1000,1_to_4,4,female,none,4,savings_insurance,46,none,own,2,skilled,1,none,yes,No Risk
667,667,no_checking,8,credits_paid_to_date,car_used,2365,100_to_500,less_1,2,male,none,3,savings_insurance,37,none,own,1,management_self-employed,1,none,yes,No Risk
668,668,0_to_200,21,outstanding_credit,appliances,2498,100_to_500,1_to_4,3,male,none,2,car_other,32,none,own,1,skilled,1,none,yes,No Risk
669,669,0_to_200,5,all_credits_paid_back,education,4426,less_100,less_1,2,female,none,3,real_estate,25,none,own,1,management_self-employed,1,none,yes,No Risk
670,670,greater_200,20,credits_paid_to_date,car_new,4767,less_100,4_to_7,2,male,none,3,savings_insurance,38,none,own,1,management_self-employed,2,none,yes,No Risk
671,671,0_to_200,21,outstanding_credit,car_used,2275,100_to_500,4_to_7,3,male,none,4,car_other,44,stores,rent,1,skilled,2,yes,yes,No Risk
672,672,less_0,19,credits_paid_to_date,car_new,250,less_100,4_to_7,2,female,none,2,real_estate,19,stores,own,1,skilled,1,none,yes,No Risk
673,673,no_checking,8,all_credits_paid_back,vacation,5560,less_100,4_to_7,3,female,co-applicant,3,savings_insurance,57,none,own,2,skilled,1,yes,yes,Risk
674,674,no_checking,24,outstanding_credit,radio_tv,4774,500_to_1000,greater_7,3,female,none,3,savings_insurance,53,none,free,2,skilled,1,yes,yes,Risk
675,675,less_0,4,all_credits_paid_back,car_new,250,less_100,1_to_4,2,female,none,1,real_estate,19,none,rent,1,skilled,1,none,yes,No Risk
676,676,no_checking,8,prior_payments_delayed,car_new,2071,100_to_500,greater_7,3,male,none,3,car_other,38,none,own,1,skilled,1,yes,no,Risk
677,677,0_to_200,20,credits_paid_to_date,radio_tv,4572,less_100,1_to_4,2,male,none,2,savings_insurance,27,none,own,2,skilled,1,none,yes,No Risk
678,678,less_0,9,all_credits_paid_back,vacation,3484,less_100,less_1,3,male,co-applicant,3,savings_insurance,30,stores,own,1,unskilled,1,yes,yes,No Risk
679,679,0_to_200,19,credits_paid_to_date,furniture,4905,less_100,1_to_4,2,male,none,3,car_other,19,none,rent,1,skilled,1,none,yes,Risk
680,680,less_0,18,prior_payments_delayed,radio_tv,1115,greater_1000,1_to_4,1,male,none,3,car_other,29,stores,own,1,skilled,1,yes,yes,No Risk
681,681,no_checking,41,outstanding_credit,other,8329,greater_1000,greater_7,5,male,co-applicant,5,unknown,55,none,free,3,skilled,2,yes,yes,Risk
682,682,less_0,31,all_credits_paid_back,repairs,540,500_to_1000,1_to_4,3,female,none,2,real_estate,19,bank,rent,1,unskilled,1,none,yes,No Risk
683,683,0_to_200,25,credits_paid_to_date,education,4016,500_to_1000,1_to_4,3,male,none,2,car_other,33,none,own,1,skilled,2,yes,yes,No Risk
684,684,0_to_200,27,credits_paid_to_date,radio_tv,3235,less_100,1_to_4,2,female,none,3,car_other,36,none,rent,1,skilled,1,none,yes,Risk
685,685,no_checking,34,prior_payments_delayed,furniture,4994,500_to_1000,1_to_4,4,male,none,5,unknown,39,none,free,2,skilled,1,yes,yes,Risk
686,686,less_0,4,all_credits_paid_back,car_new,250,less_100,unemployed,1,male,none,2,real_estate,22,none,rent,1,skilled,1,none,yes,No Risk
687,687,less_0,9,prior_payments_delayed,furniture,2219,less_100,1_to_4,1,female,none,1,savings_insurance,29,stores,own,2,skilled,1,none,yes,No Risk
688,688,0_to_200,14,credits_paid_to_date,car_new,250,less_100,4_to_7,2,male,none,3,real_estate,26,none,own,1,skilled,1,none,yes,No Risk
689,689,0_to_200,14,prior_payments_delayed,car_new,1908,less_100,1_to_4,3,female,none,1,car_other,38,none,own,2,skilled,1,none,yes,No Risk
690,690,no_checking,41,prior_payments_delayed,vacation,5909,500_to_1000,4_to_7,4,male,none,5,savings_insurance,28,stores,own,2,unskilled,1,none,yes,No Risk
691,691,0_to_200,20,credits_paid_to_date,furniture,3627,500_to_1000,1_to_4,3,male,none,4,car_other,37,none,own,2,skilled,1,yes,yes,No Risk
692,692,less_0,36,all_credits_paid_back,radio_tv,2491,100_to_500,4_to_7,3,female,none,3,real_estate,23,stores,own,2,skilled,1,none,yes,No Risk
693,693,less_0,14,all_credits_paid_back,furniture,250,less_100,4_to_7,3,male,none,2,real_estate,24,none,own,1,skilled,1,none,yes,No Risk
694,694,less_0,21,credits_paid_to_date,car_new,1519,less_100,less_1,2,female,none,2,savings_insurance,24,none,own,1,skilled,1,none,yes,No Risk
695,695,no_checking,36,credits_paid_to_date,business,4245,100_to_500,1_to_4,4,male,none,2,car_other,25,stores,own,1,unskilled,1,none,yes,No Risk
696,696,no_checking,35,outstanding_credit,appliances,5829,unknown,greater_7,4,male,co-applicant,4,unknown,55,none,free,2,skilled,2,yes,yes,Risk
697,697,no_checking,34,prior_payments_delayed,radio_tv,5157,500_to_1000,4_to_7,3,female,none,2,car_other,50,none,free,2,skilled,1,yes,yes,Risk
698,698,no_checking,29,prior_payments_delayed,radio_tv,5566,unknown,greater_7,5,male,co-applicant,4,car_other,49,none,own,2,skilled,1,yes,yes,Risk
699,699,less_0,9,all_credits_paid_back,car_used,250,less_100,unemployed,1,male,none,1,real_estate,22,stores,rent,1,skilled,1,none,yes,No Risk
700,700,0_to_200,23,credits_paid_to_date,retraining,4881,less_100,4_to_7,3,female,none,1,car_other,48,none,own,1,skilled,1,none,yes,No Risk
701,701,no_checking,8,prior_payments_delayed,radio_tv,6144,500_to_1000,4_to_7,4,male,none,3,car_other,40,stores,own,1,unskilled,1,none,yes,No Risk
702,702,less_0,20,prior_payments_delayed,radio_tv,2424,greater_1000,1_to_4,3,male,none,2,savings_insurance,30,none,own,2,skilled,1,none,yes,No Risk
703,703,no_checking,46,outstanding_credit,appliances,5644,500_to_1000,4_to_7,4,female,none,3,car_other,41,none,own,2,skilled,1,yes,yes,Risk
704,704,no_checking,39,outstanding_credit,other,7688,unknown,4_to_7,5,male,guarantor,5,unknown,62,none,free,2,skilled,1,yes,no,Risk
705,705,no_checking,41,outstanding_credit,repairs,9528,greater_1000,1_to_4,4,female,co-applicant,5,car_other,41,none,free,2,management_self-employed,1,yes,yes,Risk
706,706,greater_200,40,outstanding_credit,appliances,4817,500_to_1000,greater_7,5,male,none,5,car_other,49,none,free,2,skilled,1,yes,yes,Risk
707,707,less_0,35,credits_paid_to_date,car_used,250,greater_1000,less_1,1,female,none,1,savings_insurance,19,stores,rent,1,unskilled,1,none,yes,No Risk
708,708,0_to_200,6,prior_payments_delayed,radio_tv,297,100_to_500,1_to_4,2,male,none,2,savings_insurance,47,none,own,2,skilled,1,yes,yes,No Risk
709,709,less_0,9,all_credits_paid_back,car_new,250,less_100,unemployed,2,female,none,3,real_estate,22,none,rent,1,skilled,1,none,yes,No Risk
710,710,0_to_200,14,all_credits_paid_back,car_new,1755,500_to_1000,1_to_4,3,female,none,1,real_estate,30,none,own,1,skilled,1,none,yes,No Risk
711,711,0_to_200,18,credits_paid_to_date,car_new,1410,500_to_1000,less_1,2,male,none,3,car_other,34,none,rent,1,skilled,1,none,yes,No Risk
712,712,no_checking,11,outstanding_credit,furniture,3203,100_to_500,1_to_4,2,male,none,4,car_other,43,stores,own,1,unskilled,2,yes,yes,No Risk
713,713,no_checking,8,prior_payments_delayed,car_new,2539,greater_1000,1_to_4,2,male,none,4,car_other,34,none,own,1,management_self-employed,1,yes,yes,No Risk
714,714,0_to_200,11,credits_paid_to_date,car_new,786,less_100,unemployed,2,female,none,2,real_estate,19,stores,rent,1,unskilled,1,none,yes,No Risk
715,715,greater_200,24,outstanding_credit,education,8247,100_to_500,greater_7,4,female,none,4,unknown,52,none,free,2,skilled,1,yes,yes,Risk
716,716,less_0,12,all_credits_paid_back,appliances,2148,less_100,4_to_7,3,female,none,2,real_estate,19,none,own,1,skilled,1,none,yes,No Risk
717,717,less_0,15,credits_paid_to_date,car_new,1696,less_100,4_to_7,2,female,none,3,savings_insurance,35,bank,rent,1,unemployed,1,yes,yes,No Risk
718,718,no_checking,18,outstanding_credit,appliances,3063,unknown,1_to_4,3,male,none,4,savings_insurance,49,none,own,2,management_self-employed,1,yes,no,No Risk
719,719,less_0,11,all_credits_paid_back,car_new,250,less_100,1_to_4,3,female,none,3,savings_insurance,38,none,own,2,skilled,1,none,yes,No Risk
720,720,no_checking,26,prior_payments_delayed,appliances,5325,unknown,4_to_7,3,female,co-applicant,4,savings_insurance,53,stores,own,2,unskilled,1,yes,yes,Risk
721,721,less_0,6,all_credits_paid_back,car_new,250,less_100,1_to_4,1,female,none,2,real_estate,26,stores,rent,1,skilled,1,none,yes,No Risk
722,722,no_checking,24,prior_payments_delayed,education,5750,100_to_500,4_to_7,3,female,none,3,unknown,53,none,own,1,skilled,1,yes,yes,Risk
723,723,0_to_200,14,credits_paid_to_date,car_new,1809,500_to_1000,less_1,3,male,co-applicant,3,savings_insurance,37,stores,own,1,unskilled,1,yes,yes,No Risk
724,724,no_checking,42,outstanding_credit,vacation,6554,unknown,greater_7,4,male,co-applicant,3,unknown,55,none,free,3,skilled,2,yes,yes,Risk
725,725,less_0,10,credits_paid_to_date,furniture,2005,100_to_500,1_to_4,3,male,none,3,car_other,34,stores,own,1,skilled,1,none,yes,No Risk
726,726,less_0,11,all_credits_paid_back,vacation,2298,less_100,unemployed,1,female,none,1,real_estate,19,none,own,1,management_self-employed,1,none,yes,No Risk
727,727,0_to_200,31,outstanding_credit,radio_tv,3043,100_to_500,4_to_7,3,female,none,2,savings_insurance,37,stores,own,2,skilled,1,yes,yes,No Risk
728,728,less_0,9,prior_payments_delayed,car_new,332,500_to_1000,1_to_4,2,male,none,3,real_estate,27,none,own,1,skilled,1,none,yes,No Risk
729,729,less_0,4,all_credits_paid_back,car_new,250,less_100,less_1,2,male,co-applicant,2,real_estate,25,stores,rent,1,skilled,1,none,yes,No Risk
730,730,greater_200,20,outstanding_credit,car_used,3988,100_to_500,4_to_7,3,female,none,4,car_other,44,stores,own,1,unskilled,1,none,yes,No Risk
731,731,less_0,21,prior_payments_delayed,furniture,2641,greater_1000,less_1,1,male,none,2,savings_insurance,28,stores,own,1,skilled,1,none,yes,No Risk
732,732,0_to_200,6,all_credits_paid_back,education,2267,100_to_500,4_to_7,3,female,none,2,real_estate,29,none,own,2,skilled,1,none,yes,No Risk
733,733,no_checking,48,outstanding_credit,repairs,6138,greater_1000,greater_7,4,male,co-applicant,3,unknown,49,none,own,2,skilled,2,yes,yes,Risk
734,734,0_to_200,20,credits_paid_to_date,car_new,4183,500_to_1000,1_to_4,2,male,none,3,car_other,21,none,own,1,skilled,2,yes,yes,No Risk
735,735,no_checking,24,prior_payments_delayed,car_used,6204,100_to_500,1_to_4,4,male,none,4,car_other,39,none,own,1,management_self-employed,1,none,yes,No Risk
736,736,0_to_200,35,prior_payments_delayed,appliances,3497,greater_1000,less_1,3,female,none,3,car_other,28,none,own,1,skilled,1,none,yes,No Risk
737,737,0_to_200,25,credits_paid_to_date,furniture,3716,less_100,4_to_7,4,male,none,2,car_other,38,none,own,2,skilled,1,none,yes,No Risk
738,738,0_to_200,14,no_credits,car_new,3837,less_100,1_to_4,3,male,co-applicant,2,savings_insurance,29,none,own,1,skilled,1,none,yes,No Risk
739,739,no_checking,26,outstanding_credit,radio_tv,6565,500_to_1000,4_to_7,5,female,none,5,car_other,45,none,free,2,management_self-employed,1,yes,yes,Risk
740,740,0_to_200,39,outstanding_credit,repairs,3569,500_to_1000,greater_7,4,male,none,3,savings_insurance,35,none,own,2,skilled,1,none,yes,Risk
741,741,less_0,4,all_credits_paid_back,car_new,250,less_100,1_to_4,1,female,none,2,savings_insurance,19,stores,rent,1,unskilled,1,none,yes,No Risk
742,742,0_to_200,16,prior_payments_delayed,appliances,5490,less_100,greater_7,3,male,none,2,unknown,42,none,own,1,skilled,1,yes,yes,No Risk
743,743,greater_200,23,credits_paid_to_date,car_used,3583,100_to_500,4_to_7,3,male,none,4,unknown,38,none,own,1,skilled,1,yes,yes,No Risk
744,744,less_0,9,all_credits_paid_back,car_used,4945,100_to_500,4_to_7,3,male,none,3,car_other,41,none,own,2,skilled,1,none,yes,No Risk
745,745,0_to_200,17,credits_paid_to_date,car_used,1825,500_to_1000,4_to_7,3,male,none,4,real_estate,29,none,own,2,management_self-employed,1,none,yes,No Risk
746,746,greater_200,36,outstanding_credit,repairs,5237,500_to_1000,greater_7,4,male,none,4,car_other,49,none,own,2,skilled,1,none,yes,Risk
747,747,no_checking,28,outstanding_credit,radio_tv,7546,500_to_1000,4_to_7,4,male,none,4,car_other,49,none,free,2,management_self-employed,1,yes,yes,No Risk
748,748,no_checking,29,prior_payments_delayed,radio_tv,6160,100_to_500,1_to_4,4,female,none,2,savings_insurance,36,none,own,1,management_self-employed,1,yes,yes,No Risk
749,749,less_0,15,prior_payments_delayed,furniture,1163,less_100,4_to_7,3,male,none,3,savings_insurance,33,none,own,2,skilled,1,none,yes,No Risk
750,750,no_checking,24,prior_payments_delayed,car_used,4981,unknown,greater_7,4,male,none,5,unknown,49,none,own,2,unskilled,2,yes,yes,Risk
751,751,greater_200,10,prior_payments_delayed,car_new,1071,100_to_500,1_to_4,3,male,none,3,savings_insurance,34,none,own,2,management_self-employed,1,none,yes,No Risk
752,752,0_to_200,24,outstanding_credit,radio_tv,3265,100_to_500,4_to_7,4,male,none,2,savings_insurance,34,none,own,1,management_self-employed,1,none,yes,No Risk
753,753,no_checking,39,credits_paid_to_date,appliances,6322,100_to_500,greater_7,5,female,none,5,savings_insurance,34,none,free,2,management_self-employed,1,yes,yes,Risk
754,754,0_to_200,4,all_credits_paid_back,car_new,2313,less_100,1_to_4,2,female,none,1,car_other,20,stores,own,1,skilled,1,none,yes,No Risk
755,755,0_to_200,23,credits_paid_to_date,retraining,4556,less_100,1_to_4,2,male,none,3,savings_insurance,30,none,own,2,skilled,1,yes,yes,No Risk
756,756,0_to_200,4,all_credits_paid_back,radio_tv,1061,less_100,less_1,1,female,none,1,savings_insurance,37,none,own,1,skilled,1,none,yes,No Risk
757,757,greater_200,23,prior_payments_delayed,car_used,3161,greater_1000,4_to_7,2,male,none,2,car_other,46,none,own,2,skilled,1,yes,yes,No Risk
758,758,0_to_200,16,prior_payments_delayed,radio_tv,3328,less_100,1_to_4,3,female,none,3,car_other,41,bank,own,2,unskilled,1,yes,yes,No Risk
759,759,no_checking,25,prior_payments_delayed,radio_tv,5137,100_to_500,1_to_4,3,female,none,3,car_other,57,stores,own,2,unskilled,2,yes,yes,Risk
760,760,less_0,18,credits_paid_to_date,car_used,424,less_100,1_to_4,3,female,none,2,real_estate,20,none,own,1,skilled,1,none,yes,No Risk
761,761,no_checking,27,prior_payments_delayed,appliances,5844,100_to_500,1_to_4,4,male,none,4,car_other,26,none,own,1,skilled,1,yes,yes,No Risk
762,762,less_0,31,credits_paid_to_date,car_used,4095,500_to_1000,1_to_4,3,female,none,1,savings_insurance,28,none,own,1,skilled,1,none,yes,No Risk
763,763,less_0,23,prior_payments_delayed,education,3015,less_100,less_1,2,male,none,2,car_other,32,none,own,1,skilled,1,yes,yes,No Risk
764,764,less_0,19,credits_paid_to_date,car_used,1957,less_100,1_to_4,3,male,none,1,real_estate,33,bank,rent,1,unskilled,1,none,yes,No Risk
765,765,less_0,16,credits_paid_to_date,furniture,2924,500_to_1000,unemployed,2,female,none,3,savings_insurance,23,none,rent,2,skilled,2,none,yes,No Risk
766,766,0_to_200,20,prior_payments_delayed,radio_tv,3787,greater_1000,1_to_4,3,male,none,4,car_other,34,none,rent,1,skilled,1,yes,yes,No Risk
767,767,less_0,4,prior_payments_delayed,vacation,250,500_to_1000,less_1,2,female,none,2,car_other,32,none,rent,1,skilled,1,none,yes,No Risk
768,768,0_to_200,15,prior_payments_delayed,retraining,4312,less_100,1_to_4,3,female,co-applicant,1,savings_insurance,44,stores,own,2,unskilled,1,none,yes,No Risk
769,769,no_checking,40,prior_payments_delayed,furniture,11347,unknown,4_to_7,4,male,co-applicant,3,car_other,28,none,free,3,skilled,2,yes,yes,Risk
770,770,0_to_200,17,credits_paid_to_date,car_new,2082,less_100,1_to_4,3,male,none,3,real_estate,41,none,own,2,skilled,1,none,yes,No Risk
771,771,less_0,18,credits_paid_to_date,car_new,1939,500_to_1000,1_to_4,3,male,none,2,savings_insurance,31,stores,own,1,unskilled,1,none,yes,No Risk
772,772,0_to_200,34,prior_payments_delayed,appliances,2295,100_to_500,1_to_4,2,male,none,1,car_other,32,stores,own,1,skilled,2,yes,yes,No Risk
773,773,no_checking,30,outstanding_credit,repairs,8382,500_to_1000,greater_7,5,male,co-applicant,4,car_other,49,none,free,2,management_self-employed,2,yes,yes,Risk
774,774,greater_200,46,prior_payments_delayed,radio_tv,5727,greater_1000,4_to_7,3,female,co-applicant,4,unknown,43,none,own,2,skilled,1,none,yes,Risk
775,775,no_checking,25,prior_payments_delayed,radio_tv,6690,100_to_500,1_to_4,3,male,none,4,car_other,45,none,own,1,management_self-employed,1,none,yes,No Risk
776,776,less_0,10,prior_payments_delayed,furniture,1112,less_100,4_to_7,3,male,none,3,real_estate,31,none,own,2,skilled,1,none,yes,No Risk
777,777,0_to_200,29,outstanding_credit,radio_tv,3668,100_to_500,greater_7,3,male,none,2,unknown,40,none,own,2,skilled,1,none,yes,No Risk
778,778,0_to_200,13,no_credits,car_new,3216,less_100,unemployed,2,male,none,2,savings_insurance,20,bank,rent,1,unskilled,1,none,yes,No Risk
779,779,less_0,14,all_credits_paid_back,car_new,4120,100_to_500,4_to_7,2,male,none,3,savings_insurance,26,none,own,1,skilled,1,none,yes,No Risk
780,780,0_to_200,21,outstanding_credit,car_used,5162,100_to_500,1_to_4,2,female,none,3,savings_insurance,40,bank,own,1,unemployed,1,yes,yes,No Risk
781,781,0_to_200,38,prior_payments_delayed,radio_tv,2754,unknown,greater_7,3,male,none,4,unknown,34,stores,rent,1,skilled,1,none,yes,Risk
782,782,0_to_200,13,credits_paid_to_date,car_used,818,100_to_500,1_to_4,2,female,none,2,savings_insurance,37,stores,own,2,skilled,1,none,yes,No Risk
783,783,no_checking,41,outstanding_credit,other,6510,greater_1000,greater_7,5,male,co-applicant,5,unknown,48,none,free,2,skilled,1,yes,yes,Risk
784,784,less_0,11,prior_payments_delayed,car_used,3098,less_100,1_to_4,3,male,none,3,savings_insurance,32,none,own,1,skilled,1,yes,yes,No Risk
785,785,less_0,4,credits_paid_to_date,car_new,250,less_100,unemployed,1,male,none,2,savings_insurance,19,stores,rent,1,skilled,1,none,yes,No Risk
786,786,no_checking,27,credits_paid_to_date,business,3750,100_to_500,1_to_4,4,male,none,3,real_estate,19,none,own,1,management_self-employed,1,none,yes,No Risk
787,787,no_checking,29,all_credits_paid_back,radio_tv,3860,less_100,4_to_7,3,female,guarantor,3,car_other,49,none,free,1,unskilled,1,none,yes,Risk
788,788,no_checking,26,prior_payments_delayed,car_used,6542,100_to_500,greater_7,5,male,none,5,car_other,46,none,own,1,management_self-employed,1,none,yes,No Risk
789,789,less_0,12,all_credits_paid_back,car_used,360,less_100,unemployed,2,female,none,1,real_estate,21,none,own,1,skilled,1,none,yes,No Risk
790,790,0_to_200,19,credits_paid_to_date,car_new,4349,500_to_1000,less_1,3,male,none,2,car_other,23,bank,own,2,unskilled,2,yes,yes,No Risk
791,791,less_0,4,all_credits_paid_back,education,442,less_100,less_1,2,female,none,2,savings_insurance,19,none,rent,1,skilled,1,none,yes,No Risk
792,792,0_to_200,24,outstanding_credit,car_used,2349,100_to_500,1_to_4,2,male,co-applicant,4,savings_insurance,33,none,own,1,skilled,1,none,yes,Risk
793,793,no_checking,33,prior_payments_delayed,furniture,5933,greater_1000,greater_7,4,male,none,4,unknown,48,none,free,2,skilled,1,yes,yes,Risk
794,794,no_checking,23,prior_payments_delayed,radio_tv,2359,100_to_500,1_to_4,3,male,co-applicant,4,real_estate,33,stores,own,1,skilled,1,yes,yes,No Risk
795,795,0_to_200,13,credits_paid_to_date,car_used,3315,less_100,less_1,3,female,none,3,real_estate,29,none,own,2,skilled,1,yes,yes,No Risk
796,796,no_checking,24,prior_payments_delayed,repairs,1766,100_to_500,1_to_4,2,male,none,2,savings_insurance,33,none,own,1,skilled,1,none,yes,No Risk
797,797,0_to_200,16,all_credits_paid_back,car_new,2878,less_100,1_to_4,3,male,none,3,car_other,37,none,rent,1,skilled,2,yes,yes,No Risk
798,798,less_0,18,prior_payments_delayed,car_new,250,greater_1000,greater_7,2,male,none,2,car_other,34,stores,own,1,unskilled,1,none,yes,No Risk
799,799,no_checking,34,outstanding_credit,education,6650,500_to_1000,4_to_7,4,male,co-applicant,3,car_other,39,none,free,2,skilled,1,yes,yes,Risk
800,800,no_checking,33,outstanding_credit,repairs,4798,500_to_1000,4_to_7,4,male,none,5,unknown,49,none,free,2,skilled,1,yes,yes,Risk
801,801,greater_200,21,credits_paid_to_date,radio_tv,2635,greater_1000,greater_7,4,male,none,3,car_other,37,none,own,2,skilled,1,none,yes,No Risk
802,802,0_to_200,27,credits_paid_to_date,education,4811,100_to_500,greater_7,4,male,none,3,car_other,34,none,free,2,skilled,1,yes,yes,No Risk
803,803,less_0,20,credits_paid_to_date,car_new,250,less_100,4_to_7,2,female,none,2,real_estate,32,stores,own,1,skilled,1,none,yes,No Risk
804,804,0_to_200,12,prior_payments_delayed,radio_tv,1854,less_100,4_to_7,2,female,none,3,savings_insurance,32,none,own,1,skilled,1,none,yes,No Risk
805,805,0_to_200,14,all_credits_paid_back,car_used,3056,less_100,less_1,3,female,none,1,savings_insurance,27,none,own,1,skilled,1,none,yes,No Risk
806,806,less_0,4,no_credits,car_new,250,less_100,unemployed,1,female,none,2,real_estate,19,none,rent,1,skilled,1,none,yes,No Risk
807,807,0_to_200,22,credits_paid_to_date,car_used,988,less_100,1_to_4,2,male,none,2,savings_insurance,31,stores,rent,1,skilled,1,none,yes,Risk
808,808,no_checking,38,outstanding_credit,radio_tv,6971,unknown,4_to_7,5,male,co-applicant,5,unknown,45,stores,free,2,unskilled,2,yes,yes,No Risk
809,809,no_checking,33,outstanding_credit,radio_tv,5742,500_to_1000,4_to_7,4,male,none,3,car_other,52,none,free,2,skilled,1,none,yes,No Risk
810,810,0_to_200,22,credits_paid_to_date,car_used,5517,500_to_1000,1_to_4,3,female,none,2,savings_insurance,35,none,own,2,skilled,2,yes,yes,No Risk
811,811,no_checking,24,outstanding_credit,car_used,5064,500_to_1000,4_to_7,4,male,none,2,car_other,49,none,own,2,skilled,1,none,yes,No Risk
812,812,0_to_200,29,credits_paid_to_date,radio_tv,250,100_to_500,1_to_4,3,male,co-applicant,3,real_estate,27,none,own,1,skilled,1,none,yes,No Risk
813,813,less_0,18,prior_payments_delayed,radio_tv,2618,500_to_1000,1_to_4,2,male,none,1,savings_insurance,22,bank,rent,1,unskilled,1,yes,yes,No Risk
814,814,no_checking,31,prior_payments_delayed,appliances,5590,100_to_500,1_to_4,4,female,none,4,savings_insurance,42,none,own,1,skilled,1,none,yes,No Risk
815,815,less_0,20,prior_payments_delayed,retraining,3822,less_100,greater_7,3,male,none,3,car_other,35,bank,own,1,unskilled,1,yes,yes,No Risk
816,816,less_0,4,credits_paid_to_date,education,251,less_100,4_to_7,3,male,none,2,savings_insurance,34,none,own,2,management_self-employed,1,yes,yes,No Risk
817,817,0_to_200,11,credits_paid_to_date,furniture,3029,less_100,4_to_7,3,male,none,3,real_estate,28,stores,own,2,unskilled,2,yes,yes,No Risk
818,818,less_0,16,prior_payments_delayed,furniture,3457,less_100,1_to_4,3,male,co-applicant,3,unknown,51,none,own,1,skilled,1,yes,yes,No Risk
819,819,0_to_200,4,prior_payments_delayed,education,252,less_100,1_to_4,2,female,none,1,savings_insurance,34,stores,rent,1,skilled,1,none,yes,No Risk
820,820,no_checking,25,prior_payments_delayed,appliances,4536,100_to_500,less_1,4,male,none,3,car_other,40,none,own,2,management_self-employed,1,none,yes,No Risk
821,821,0_to_200,14,credits_paid_to_date,car_new,4364,100_to_500,4_to_7,4,male,none,4,savings_insurance,32,none,own,1,skilled,1,none,yes,No Risk
822,822,less_0,13,prior_payments_delayed,car_new,5595,less_100,4_to_7,3,male,guarantor,3,savings_insurance,50,none,own,1,skilled,1,yes,no,No Risk
823,823,no_checking,15,outstanding_credit,retraining,8474,100_to_500,4_to_7,3,female,none,3,car_other,52,none,free,2,management_self-employed,2,yes,yes,Risk
824,824,0_to_200,4,all_credits_paid_back,car_new,250,less_100,less_1,1,male,none,2,savings_insurance,21,stores,rent,1,skilled,1,none,yes,No Risk
825,825,0_to_200,16,credits_paid_to_date,vacation,3521,less_100,1_to_4,2,female,co-applicant,2,car_other,34,bank,own,1,unemployed,1,none,yes,No Risk
826,826,no_checking,36,prior_payments_delayed,appliances,2434,500_to_1000,greater_7,4,male,none,4,savings_insurance,29,stores,own,1,unskilled,1,none,yes,No Risk
827,827,0_to_200,4,credits_paid_to_date,appliances,552,less_100,less_1,2,female,none,3,real_estate,19,none,rent,1,management_self-employed,1,none,yes,No Risk
828,828,less_0,4,credits_paid_to_date,car_new,4345,100_to_500,less_1,2,male,none,3,savings_insurance,24,bank,rent,1,unskilled,1,none,yes,No Risk
829,829,less_0,10,all_credits_paid_back,car_used,250,less_100,less_1,1,male,none,2,real_estate,19,none,rent,1,skilled,1,none,yes,No Risk
830,830,no_checking,37,prior_payments_delayed,appliances,3934,greater_1000,4_to_7,4,male,none,4,car_other,33,stores,own,1,unskilled,2,yes,yes,No Risk
831,831,0_to_200,4,all_credits_paid_back,education,936,less_100,less_1,2,male,none,2,savings_insurance,41,bank,rent,1,unskilled,1,none,yes,No Risk
832,832,less_0,14,no_credits,car_used,2007,less_100,1_to_4,3,female,none,1,real_estate,19,none,own,1,skilled,1,none,yes,No Risk
833,833,no_checking,26,outstanding_credit,furniture,10269,500_to_1000,4_to_7,5,male,co-applicant,5,unknown,56,none,free,2,management_self-employed,2,yes,yes,Risk
834,834,less_0,4,credits_paid_to_date,car_new,250,less_100,less_1,1,male,none,2,real_estate,39,bank,own,1,unemployed,1,none,yes,No Risk
835,835,no_checking,25,prior_payments_delayed,radio_tv,6744,100_to_500,greater_7,5,male,none,5,car_other,46,none,free,2,management_self-employed,1,yes,no,Risk
836,836,less_0,4,credits_paid_to_date,car_used,2413,less_100,1_to_4,3,female,none,3,car_other,31,none,own,1,skilled,1,none,yes,No Risk
837,837,no_checking,24,prior_payments_delayed,radio_tv,6954,500_to_1000,1_to_4,3,male,none,4,car_other,43,none,free,2,skilled,2,yes,yes,No Risk
838,838,no_checking,20,credits_paid_to_date,car_new,4046,100_to_500,greater_7,3,female,co-applicant,4,savings_insurance,56,none,free,2,skilled,1,yes,yes,Risk
839,839,0_to_200,14,credits_paid_to_date,car_new,4879,less_100,less_1,2,male,none,3,savings_insurance,32,none,own,1,skilled,1,none,yes,No Risk
840,840,greater_200,39,prior_payments_delayed,furniture,4735,500_to_1000,greater_7,4,female,none,3,unknown,45,stores,own,2,skilled,1,none,yes,Risk
841,841,0_to_200,14,prior_payments_delayed,car_new,250,100_to_500,less_1,2,male,none,3,savings_insurance,37,none,own,1,skilled,1,yes,yes,No Risk
842,842,0_to_200,30,credits_paid_to_date,radio_tv,2368,100_to_500,4_to_7,3,male,none,3,real_estate,33,none,rent,1,skilled,1,none,yes,Risk
843,843,0_to_200,23,credits_paid_to_date,radio_tv,4104,100_to_500,4_to_7,2,male,none,3,savings_insurance,44,stores,rent,2,unskilled,1,none,yes,No Risk
844,844,no_checking,37,prior_payments_delayed,other,6991,500_to_1000,greater_7,4,male,co-applicant,4,unknown,49,none,free,2,skilled,1,yes,yes,Risk
845,845,0_to_200,31,credits_paid_to_date,furniture,2159,100_to_500,greater_7,3,male,none,2,car_other,36,none,own,1,skilled,2,yes,yes,No Risk
846,846,no_checking,41,prior_payments_delayed,appliances,3617,500_to_1000,greater_7,4,male,none,3,car_other,43,none,own,2,skilled,1,yes,yes,Risk
847,847,no_checking,31,outstanding_credit,repairs,6118,greater_1000,4_to_7,4,female,none,4,unknown,36,none,own,2,management_self-employed,1,yes,yes,Risk
848,848,0_to_200,25,outstanding_credit,appliances,7801,100_to_500,greater_7,5,female,none,4,car_other,39,none,own,1,management_self-employed,1,yes,yes,Risk
849,849,less_0,4,all_credits_paid_back,car_new,250,less_100,unemployed,1,male,none,1,real_estate,19,none,rent,1,skilled,1,none,yes,No Risk
850,850,no_checking,16,credits_paid_to_date,car_new,3000,100_to_500,less_1,3,male,co-applicant,4,real_estate,39,none,free,2,skilled,1,yes,yes,No Risk
851,851,no_checking,47,outstanding_credit,vacation,10151,greater_1000,greater_7,5,male,co-applicant,3,car_other,39,none,free,2,skilled,1,yes,yes,Risk
852,852,0_to_200,22,credits_paid_to_date,radio_tv,4744,less_100,1_to_4,3,male,none,3,savings_insurance,23,none,free,1,skilled,1,none,yes,No Risk
853,853,no_checking,42,outstanding_credit,repairs,5606,greater_1000,4_to_7,5,male,none,5,car_other,41,none,own,2,skilled,1,yes,yes,No Risk
854,854,0_to_200,11,credits_paid_to_date,car_used,1139,500_to_1000,4_to_7,3,male,none,2,savings_insurance,25,none,rent,1,skilled,1,none,yes,No Risk
855,855,0_to_200,4,all_credits_paid_back,furniture,250,less_100,less_1,2,male,none,2,real_estate,22,none,rent,1,management_self-employed,1,none,yes,No Risk
856,856,no_checking,26,prior_payments_delayed,appliances,4984,500_to_1000,4_to_7,3,female,none,4,savings_insurance,51,none,free,2,management_self-employed,1,yes,yes,Risk
857,857,no_checking,25,prior_payments_delayed,radio_tv,4715,100_to_500,1_to_4,4,male,none,3,savings_insurance,38,none,own,1,management_self-employed,2,none,no,No Risk
858,858,less_0,12,all_credits_paid_back,appliances,3796,100_to_500,4_to_7,3,female,none,2,car_other,35,bank,rent,2,unemployed,1,yes,yes,No Risk
859,859,0_to_200,17,credits_paid_to_date,car_used,5772,less_100,4_to_7,2,male,none,3,car_other,31,stores,own,1,skilled,1,yes,yes,No Risk
860,860,no_checking,17,credits_paid_to_date,car_new,3347,100_to_500,4_to_7,3,female,none,4,car_other,31,none,own,1,skilled,2,none,yes,Risk
861,861,less_0,9,no_credits,car_used,3271,less_100,1_to_4,3,female,none,2,savings_insurance,47,none,own,1,skilled,1,none,yes,No Risk
862,862,0_to_200,17,credits_paid_to_date,furniture,1773,100_to_500,1_to_4,2,female,none,3,savings_insurance,30,stores,own,2,skilled,1,none,yes,No Risk
863,863,0_to_200,22,credits_paid_to_date,radio_tv,2371,less_100,1_to_4,3,male,none,3,car_other,29,none,own,2,skilled,1,yes,yes,No Risk
864,864,0_to_200,29,credits_paid_to_date,radio_tv,4102,100_to_500,4_to_7,3,male,none,2,savings_insurance,38,none,own,2,skilled,1,none,no,No Risk
865,865,less_0,28,credits_paid_to_date,furniture,713,greater_1000,4_to_7,2,female,none,1,savings_insurance,27,stores,own,1,unskilled,1,none,yes,No Risk
866,866,0_to_200,14,all_credits_paid_back,car_used,1134,less_100,1_to_4,2,female,none,3,car_other,32,stores,own,1,skilled,1,none,yes,No Risk
867,867,less_0,5,prior_payments_delayed,car_used,250,less_100,less_1,1,female,none,2,real_estate,21,none,rent,1,skilled,1,none,yes,No Risk
868,868,0_to_200,16,prior_payments_delayed,furniture,250,500_to_1000,4_to_7,3,female,none,1,savings_insurance,32,stores,own,1,skilled,1,none,yes,No Risk
869,869,no_checking,42,prior_payments_delayed,retraining,7711,unknown,greater_7,4,male,co-applicant,5,unknown,54,none,own,2,skilled,2,yes,yes,Risk
870,870,less_0,14,all_credits_paid_back,car_used,974,100_to_500,less_1,2,male,none,2,real_estate,25,stores,rent,1,skilled,1,none,yes,No Risk
871,871,no_checking,18,credits_paid_to_date,furniture,3531,100_to_500,1_to_4,4,female,none,3,savings_insurance,31,none,free,1,skilled,1,yes,yes,No Risk
872,872,0_to_200,20,prior_payments_delayed,car_new,250,100_to_500,1_to_4,2,male,none,1,savings_insurance,26,stores,own,1,unskilled,1,none,yes,No Risk
873,873,0_to_200,23,outstanding_credit,radio_tv,4793,greater_1000,greater_7,4,female,none,4,unknown,42,none,own,2,skilled,1,yes,yes,Risk
874,874,0_to_200,17,prior_payments_delayed,car_new,337,500_to_1000,1_to_4,3,female,none,3,savings_insurance,36,none,own,1,skilled,1,none,yes,No Risk
875,875,no_checking,28,outstanding_credit,appliances,5477,500_to_1000,greater_7,5,male,co-applicant,5,unknown,61,none,free,2,skilled,2,yes,yes,Risk
876,876,0_to_200,20,credits_paid_to_date,radio_tv,830,500_to_1000,1_to_4,2,male,co-applicant,2,savings_insurance,30,stores,own,1,skilled,1,none,yes,No Risk
877,877,no_checking,24,prior_payments_delayed,car_used,1661,500_to_1000,4_to_7,4,male,none,3,real_estate,24,none,own,1,management_self-employed,1,yes,yes,No Risk
878,878,no_checking,30,outstanding_credit,furniture,4864,unknown,greater_7,4,male,co-applicant,5,unknown,48,none,own,2,skilled,2,yes,yes,Risk
879,879,less_0,7,all_credits_paid_back,car_new,404,less_100,1_to_4,2,female,none,2,real_estate,31,none,own,1,skilled,1,yes,yes,No Risk
880,880,no_checking,41,outstanding_credit,repairs,7779,greater_1000,greater_7,5,male,co-applicant,5,car_other,52,none,own,2,skilled,2,yes,no,Risk
881,881,no_checking,28,prior_payments_delayed,radio_tv,7519,100_to_500,greater_7,5,male,guarantor,4,savings_insurance,42,none,free,1,skilled,1,yes,yes,Risk
882,882,less_0,21,prior_payments_delayed,education,6041,500_to_1000,4_to_7,3,male,none,2,car_other,34,none,free,2,skilled,1,none,yes,No Risk
883,883,less_0,12,all_credits_paid_back,appliances,655,less_100,1_to_4,3,female,none,3,savings_insurance,23,none,own,1,skilled,1,none,yes,No Risk
884,884,0_to_200,19,prior_payments_delayed,furniture,436,greater_1000,greater_7,4,male,none,4,car_other,22,bank,rent,2,unskilled,1,none,yes,No Risk
885,885,no_checking,26,prior_payments_delayed,car_used,4274,100_to_500,1_to_4,4,male,none,3,savings_insurance,43,none,own,1,management_self-employed,1,none,yes,No Risk
886,886,greater_200,23,outstanding_credit,appliances,1689,500_to_1000,4_to_7,3,male,none,4,car_other,25,bank,own,1,unemployed,1,yes,yes,No Risk
887,887,no_checking,40,prior_payments_delayed,vacation,3009,500_to_1000,1_to_4,4,male,none,4,car_other,30,stores,own,1,unskilled,1,none,yes,No Risk
888,888,less_0,13,all_credits_paid_back,vacation,2096,less_100,4_to_7,3,male,none,2,savings_insurance,22,none,own,1,management_self-employed,1,none,yes,No Risk
889,889,less_0,4,credits_paid_to_date,car_used,2806,100_to_500,4_to_7,3,male,none,2,car_other,24,stores,rent,2,unskilled,1,none,yes,No Risk
890,890,no_checking,27,outstanding_credit,appliances,4110,unknown,1_to_4,2,male,none,3,unknown,43,bank,own,2,unemployed,2,yes,yes,No Risk
891,891,0_to_200,23,outstanding_credit,business,3452,greater_1000,1_to_4,3,male,none,3,car_other,30,none,own,1,management_self-employed,1,none,yes,No Risk
892,892,less_0,6,all_credits_paid_back,car_new,250,less_100,less_1,2,female,co-applicant,1,real_estate,19,stores,own,1,skilled,1,none,yes,No Risk
893,893,no_checking,36,prior_payments_delayed,appliances,4883,500_to_1000,4_to_7,3,male,none,3,car_other,40,none,own,1,skilled,2,none,yes,Risk
894,894,less_0,4,all_credits_paid_back,car_used,250,less_100,1_to_4,1,male,none,1,real_estate,19,stores,rent,1,skilled,1,none,yes,No Risk
895,895,greater_200,25,credits_paid_to_date,car_used,2792,500_to_1000,1_to_4,3,female,none,2,car_other,40,none,own,2,skilled,1,none,yes,No Risk
896,896,no_checking,42,outstanding_credit,radio_tv,4570,greater_1000,1_to_4,4,male,none,3,car_other,41,none,own,1,skilled,1,none,yes,No Risk
897,897,no_checking,8,all_credits_paid_back,radio_tv,288,500_to_1000,1_to_4,3,male,co-applicant,3,real_estate,42,none,own,1,skilled,1,none,yes,No Risk
898,898,0_to_200,27,outstanding_credit,furniture,2463,100_to_500,1_to_4,3,female,none,2,car_other,38,none,own,2,skilled,1,none,yes,No Risk
899,899,less_0,23,credits_paid_to_date,repairs,2322,less_100,1_to_4,3,female,none,1,savings_insurance,24,none,own,1,skilled,1,none,yes,No Risk
900,900,0_to_200,4,credits_paid_to_date,car_new,3185,less_100,4_to_7,2,male,none,2,car_other,45,none,own,1,skilled,1,yes,yes,No Risk
901,901,less_0,4,prior_payments_delayed,furniture,250,500_to_1000,4_to_7,1,male,none,3,car_other,31,stores,own,1,skilled,1,yes,yes,No Risk
902,902,0_to_200,27,credits_paid_to_date,car_used,1918,100_to_500,4_to_7,3,female,none,3,real_estate,20,stores,rent,1,skilled,1,none,yes,No Risk
903,903,less_0,25,prior_payments_delayed,furniture,4653,greater_1000,4_to_7,2,female,none,1,unknown,37,stores,own,2,unskilled,1,yes,yes,Risk
904,904,no_checking,33,outstanding_credit,repairs,5595,unknown,greater_7,5,male,co-applicant,4,unknown,54,none,free,2,skilled,2,yes,yes,Risk
905,905,no_checking,8,credits_paid_to_date,car_new,1444,less_100,1_to_4,3,male,none,4,car_other,47,none,own,1,management_self-employed,1,none,yes,No Risk
906,906,less_0,6,all_credits_paid_back,car_new,250,less_100,1_to_4,2,female,none,1,real_estate,20,none,own,1,skilled,1,none,yes,No Risk
907,907,less_0,14,all_credits_paid_back,furniture,250,500_to_1000,less_1,2,female,none,2,real_estate,24,none,rent,1,skilled,1,none,yes,No Risk
908,908,no_checking,40,prior_payments_delayed,repairs,8523,500_to_1000,greater_7,5,male,co-applicant,4,unknown,49,none,free,2,skilled,2,yes,yes,Risk
909,909,0_to_200,4,all_credits_paid_back,car_used,2348,100_to_500,less_1,1,male,none,3,real_estate,19,stores,rent,1,unskilled,2,none,yes,No Risk
910,910,no_checking,31,prior_payments_delayed,radio_tv,5321,100_to_500,4_to_7,4,female,none,4,car_other,46,none,own,1,skilled,1,yes,yes,Risk
911,911,greater_200,4,all_credits_paid_back,car_new,250,less_100,1_to_4,1,female,none,3,savings_insurance,30,stores,rent,1,skilled,1,none,yes,No Risk
912,912,0_to_200,9,all_credits_paid_back,furniture,250,500_to_1000,1_to_4,2,male,none,2,real_estate,30,none,rent,1,skilled,1,none,yes,No Risk
913,913,less_0,4,all_credits_paid_back,car_new,250,less_100,less_1,2,male,none,1,real_estate,20,bank,rent,1,unskilled,1,none,yes,No Risk
914,914,less_0,9,all_credits_paid_back,car_new,2052,less_100,unemployed,1,male,none,2,real_estate,21,stores,rent,1,skilled,1,none,yes,No Risk
915,915,no_checking,33,outstanding_credit,other,9564,greater_1000,greater_7,4,male,co-applicant,5,unknown,57,none,free,2,skilled,2,yes,no,Risk
916,916,greater_200,27,credits_paid_to_date,business,5249,greater_1000,1_to_4,3,male,none,3,car_other,51,none,own,2,skilled,1,none,no,No Risk
917,917,no_checking,39,prior_payments_delayed,repairs,6448,500_to_1000,greater_7,5,male,co-applicant,4,unknown,42,none,free,2,skilled,2,yes,yes,Risk
918,918,no_checking,28,all_credits_paid_back,furniture,1165,100_to_500,1_to_4,3,male,none,3,real_estate,19,none,own,1,management_self-employed,1,none,yes,No Risk
919,919,less_0,18,all_credits_paid_back,vacation,1564,less_100,less_1,1,male,none,1,savings_insurance,25,stores,own,1,unskilled,1,none,yes,No Risk
920,920,less_0,30,outstanding_credit,education,1584,100_to_500,4_to_7,2,male,none,3,savings_insurance,33,none,rent,3,skilled,1,yes,yes,Risk
921,921,greater_200,6,credits_paid_to_date,car_new,250,less_100,4_to_7,2,female,none,3,real_estate,20,bank,rent,1,unemployed,1,none,yes,No Risk
922,922,no_checking,31,outstanding_credit,furniture,4568,unknown,greater_7,5,female,none,5,savings_insurance,49,none,own,2,skilled,1,none,yes,Risk
923,923,no_checking,36,prior_payments_delayed,appliances,7315,greater_1000,greater_7,5,male,none,4,unknown,58,none,free,2,skilled,1,yes,yes,Risk
924,924,0_to_200,31,credits_paid_to_date,radio_tv,250,greater_1000,1_to_4,3,female,none,3,car_other,37,stores,own,1,skilled,1,yes,yes,Risk
925,925,no_checking,51,outstanding_credit,education,5082,unknown,greater_7,6,male,guarantor,5,car_other,51,none,free,2,unskilled,1,yes,no,Risk
926,926,less_0,16,credits_paid_to_date,car_new,681,less_100,less_1,2,female,none,2,savings_insurance,21,stores,rent,1,unskilled,1,none,yes,No Risk
927,927,greater_200,18,all_credits_paid_back,car_used,945,100_to_500,1_to_4,3,female,none,3,real_estate,36,none,rent,1,skilled,1,none,yes,No Risk
928,928,no_checking,14,credits_paid_to_date,car_new,616,100_to_500,4_to_7,3,male,none,4,savings_insurance,33,none,own,1,skilled,1,none,yes,No Risk
929,929,less_0,23,credits_paid_to_date,radio_tv,1444,500_to_1000,4_to_7,3,male,none,2,savings_insurance,33,bank,own,2,unemployed,1,yes,yes,No Risk
930,930,0_to_200,12,credits_paid_to_date,vacation,250,less_100,4_to_7,3,female,none,1,savings_insurance,33,none,own,1,skilled,1,none,yes,No Risk
931,931,0_to_200,12,credits_paid_to_date,car_new,250,less_100,1_to_4,2,female,none,2,real_estate,22,bank,rent,1,unskilled,1,none,yes,No Risk
932,932,0_to_200,14,credits_paid_to_date,car_new,822,less_100,unemployed,1,female,none,3,real_estate,25,none,own,1,skilled,1,none,yes,No Risk
933,933,0_to_200,18,prior_payments_delayed,furniture,4504,less_100,greater_7,4,male,none,3,unknown,46,none,own,1,skilled,1,none,no,Risk
934,934,no_checking,24,prior_payments_delayed,education,4427,greater_1000,greater_7,3,female,none,4,car_other,46,bank,own,2,unemployed,1,none,yes,Risk
935,935,0_to_200,12,credits_paid_to_date,education,2851,less_100,4_to_7,2,male,none,2,savings_insurance,26,none,rent,1,skilled,1,none,yes,No Risk
936,936,no_checking,32,outstanding_credit,other,9727,500_to_1000,4_to_7,4,male,guarantor,5,car_other,57,none,free,2,skilled,2,yes,yes,Risk
937,937,less_0,30,credits_paid_to_date,radio_tv,1165,less_100,1_to_4,2,male,none,3,savings_insurance,31,stores,own,1,skilled,1,yes,yes,Risk
938,938,no_checking,8,credits_paid_to_date,car_used,888,less_100,4_to_7,2,male,none,4,real_estate,42,none,own,1,skilled,1,none,yes,No Risk
939,939,0_to_200,24,credits_paid_to_date,radio_tv,3124,100_to_500,4_to_7,3,male,none,3,savings_insurance,33,none,own,2,skilled,1,yes,yes,No Risk
940,940,less_0,24,all_credits_paid_back,car_new,1834,less_100,4_to_7,3,male,none,1,savings_insurance,27,none,own,1,skilled,1,none,yes,No Risk
941,941,less_0,4,credits_paid_to_date,car_used,1541,less_100,1_to_4,3,female,co-applicant,2,real_estate,53,none,own,1,skilled,1,none,yes,No Risk
942,942,no_checking,40,prior_payments_delayed,radio_tv,9143,greater_1000,4_to_7,4,male,co-applicant,5,unknown,50,none,free,2,skilled,2,yes,yes,Risk
943,943,less_0,9,all_credits_paid_back,appliances,1249,less_100,1_to_4,3,female,none,1,real_estate,38,none,own,1,skilled,1,none,yes,No Risk
944,944,0_to_200,22,credits_paid_to_date,furniture,2244,greater_1000,4_to_7,3,male,none,4,car_other,32,none,rent,1,skilled,1,none,yes,Risk
945,945,no_checking,22,outstanding_credit,appliances,4993,unknown,4_to_7,4,male,none,3,car_other,48,stores,own,2,unskilled,2,yes,yes,No Risk
946,946,no_checking,37,credits_paid_to_date,education,5120,500_to_1000,1_to_4,3,male,none,3,savings_insurance,34,none,own,1,skilled,2,none,yes,No Risk
947,947,less_0,25,credits_paid_to_date,car_used,2922,100_to_500,1_to_4,2,female,none,1,real_estate,34,stores,own,2,skilled,1,none,yes,No Risk
948,948,0_to_200,24,credits_paid_to_date,radio_tv,2286,less_100,4_to_7,3,male,none,2,savings_insurance,27,bank,own,2,unskilled,2,none,yes,No Risk
949,949,less_0,4,credits_paid_to_date,car_new,250,less_100,unemployed,1,male,none,2,real_estate,19,none,rent,1,skilled,1,none,yes,No Risk
950,950,no_checking,26,outstanding_credit,furniture,6084,500_to_1000,greater_7,5,male,none,3,unknown,52,none,free,2,skilled,1,yes,yes,Risk
951,951,no_checking,36,prior_payments_delayed,appliances,9582,100_to_500,greater_7,5,male,co-applicant,4,unknown,46,none,free,3,skilled,1,yes,yes,Risk
952,952,less_0,11,all_credits_paid_back,car_new,250,100_to_500,less_1,1,female,none,1,car_other,43,stores,rent,1,unskilled,1,none,yes,No Risk
953,953,0_to_200,20,all_credits_paid_back,vacation,2294,less_100,4_to_7,3,female,none,3,savings_insurance,32,none,own,1,skilled,1,none,no,No Risk
954,954,no_checking,26,all_credits_paid_back,radio_tv,4589,less_100,4_to_7,4,male,none,4,car_other,31,none,own,1,management_self-employed,1,none,yes,No Risk
955,955,less_0,9,prior_payments_delayed,car_used,842,500_to_1000,4_to_7,3,male,none,3,car_other,32,none,own,1,skilled,2,yes,yes,No Risk
956,956,less_0,10,all_credits_paid_back,car_used,2323,100_to_500,less_1,2,male,none,2,car_other,19,bank,rent,1,unemployed,1,none,yes,No Risk
957,957,0_to_200,9,all_credits_paid_back,furniture,250,500_to_1000,1_to_4,3,female,none,3,savings_insurance,24,none,own,1,skilled,1,none,yes,No Risk
958,958,no_checking,27,credits_paid_to_date,retraining,7160,100_to_500,1_to_4,3,female,none,3,car_other,40,none,own,2,skilled,1,none,yes,Risk
959,959,no_checking,27,all_credits_paid_back,furniture,3545,less_100,1_to_4,3,male,none,3,savings_insurance,31,none,own,2,skilled,1,none,yes,Risk
960,960,less_0,13,prior_payments_delayed,repairs,3861,100_to_500,1_to_4,2,female,none,1,car_other,42,bank,rent,1,unemployed,1,yes,yes,No Risk
961,961,less_0,22,credits_paid_to_date,furniture,3711,less_100,1_to_4,3,male,none,1,car_other,36,bank,rent,2,unemployed,1,none,yes,No Risk
962,962,greater_200,27,outstanding_credit,vacation,5932,100_to_500,4_to_7,3,male,none,3,savings_insurance,40,none,own,1,management_self-employed,1,yes,yes,No Risk
963,963,no_checking,29,prior_payments_delayed,radio_tv,5169,500_to_1000,greater_7,3,female,none,4,savings_insurance,42,none,own,1,skilled,1,yes,yes,Risk
964,964,0_to_200,14,prior_payments_delayed,car_new,2849,500_to_1000,greater_7,4,female,none,4,unknown,45,none,own,1,skilled,1,none,yes,Risk
965,965,0_to_200,36,credits_paid_to_date,radio_tv,1907,500_to_1000,greater_7,4,male,none,4,savings_insurance,36,none,own,2,skilled,1,none,yes,Risk
966,966,0_to_200,13,credits_paid_to_date,furniture,3728,less_100,less_1,3,male,none,3,savings_insurance,19,none,own,1,management_self-employed,1,none,yes,No Risk
967,967,less_0,8,all_credits_paid_back,car_new,443,less_100,less_1,1,male,none,1,real_estate,19,bank,rent,1,unskilled,1,none,yes,No Risk
968,968,0_to_200,13,credits_paid_to_date,car_new,2574,100_to_500,less_1,3,male,none,2,real_estate,29,bank,rent,1,unskilled,2,none,yes,No Risk
969,969,less_0,17,no_credits,car_new,825,less_100,less_1,2,male,none,3,real_estate,21,none,own,1,skilled,1,none,yes,No Risk
970,970,no_checking,28,outstanding_credit,car_used,2216,greater_1000,greater_7,4,male,none,3,savings_insurance,29,none,own,2,skilled,1,none,yes,No Risk
971,971,0_to_200,8,all_credits_paid_back,car_new,250,less_100,1_to_4,2,female,none,3,real_estate,19,none,rent,1,skilled,1,none,yes,No Risk
972,972,no_checking,8,credits_paid_to_date,car_new,2099,less_100,1_to_4,2,female,none,2,car_other,41,none,free,1,skilled,1,yes,yes,No Risk
973,973,less_0,9,all_credits_paid_back,car_new,1928,less_100,1_to_4,2,female,none,3,real_estate,27,none,rent,1,skilled,1,none,yes,No Risk
974,974,less_0,16,credits_paid_to_date,car_new,250,500_to_1000,4_to_7,3,male,none,2,real_estate,29,none,own,1,skilled,1,none,yes,No Risk
975,975,0_to_200,14,prior_payments_delayed,furniture,5127,less_100,1_to_4,3,male,none,4,savings_insurance,33,none,free,1,management_self-employed,1,none,yes,No Risk
976,976,no_checking,48,outstanding_credit,repairs,3785,unknown,greater_7,5,female,none,4,car_other,35,none,own,2,skilled,1,yes,yes,Risk
977,977,0_to_200,17,prior_payments_delayed,vacation,3007,less_100,1_to_4,3,male,none,3,car_other,42,none,own,1,management_self-employed,2,yes,yes,No Risk
978,978,0_to_200,18,credits_paid_to_date,furniture,1501,less_100,1_to_4,3,female,none,3,real_estate,27,none,own,1,skilled,1,none,yes,No Risk
979,979,less_0,12,all_credits_paid_back,car_used,250,less_100,less_1,1,female,none,2,savings_insurance,32,bank,rent,1,unemployed,1,none,yes,No Risk
980,980,no_checking,32,prior_payments_delayed,radio_tv,5102,500_to_1000,4_to_7,3,female,none,3,car_other,43,none,own,2,skilled,1,yes,yes,Risk
981,981,less_0,20,credits_paid_to_date,car_used,1468,less_100,less_1,3,female,none,3,savings_insurance,28,none,own,1,skilled,2,none,yes,No Risk
982,982,no_checking,24,outstanding_credit,radio_tv,5677,500_to_1000,4_to_7,3,female,none,4,unknown,51,none,free,2,skilled,1,yes,yes,Risk
983,983,no_checking,16,outstanding_credit,car_used,1973,500_to_1000,4_to_7,4,female,none,4,car_other,46,none,own,2,skilled,1,none,yes,Risk
984,984,0_to_200,36,outstanding_credit,radio_tv,5658,unknown,greater_7,4,male,co-applicant,4,unknown,40,stores,own,2,unskilled,2,yes,yes,Risk
985,985,no_checking,36,prior_payments_delayed,vacation,6173,500_to_1000,greater_7,5,male,none,4,unknown,48,none,free,2,skilled,1,yes,yes,Risk
986,986,less_0,13,no_credits,car_new,1920,less_100,less_1,2,male,none,2,savings_insurance,26,stores,rent,1,skilled,1,none,yes,No Risk
987,987,greater_200,21,all_credits_paid_back,repairs,1779,less_100,4_to_7,3,female,none,2,savings_insurance,39,none,own,1,skilled,2,none,yes,No Risk
988,988,no_checking,33,prior_payments_delayed,radio_tv,5894,500_to_1000,4_to_7,4,male,none,4,savings_insurance,42,none,own,1,management_self-employed,1,none,yes,No Risk
989,989,less_0,11,prior_payments_delayed,furniture,1873,less_100,1_to_4,3,male,none,3,car_other,31,none,rent,1,skilled,1,none,yes,No Risk
990,990,no_checking,23,outstanding_credit,appliances,4655,unknown,4_to_7,4,female,none,4,car_other,46,none,own,2,skilled,2,yes,yes,Risk
991,991,greater_200,37,prior_payments_delayed,radio_tv,4967,100_to_500,4_to_7,3,female,none,2,unknown,39,stores,own,2,unskilled,1,yes,yes,Risk
992,992,no_checking,30,prior_payments_delayed,furniture,6220,100_to_500,greater_7,5,male,none,5,car_other,50,none,free,2,management_self-employed,1,yes,yes,Risk
993,993,no_checking,21,prior_payments_delayed,radio_tv,6013,greater_1000,1_to_4,4,male,none,5,car_other,48,none,own,2,management_self-employed,2,none,yes,No Risk
994,994,no_checking,28,prior_payments_delayed,business,7860,100_to_500,1_to_4,3,male,none,4,savings_insurance,42,none,own,2,management_self-employed,1,none,yes,No Risk
995,995,0_to_200,16,credits_paid_to_date,car_new,250,less_100,less_1,2,female,none,3,savings_insurance,27,bank,rent,1,unskilled,1,none,yes,No Risk
996,996,no_checking,38,credits_paid_to_date,appliances,5308,100_to_500,4_to_7,3,male,none,3,savings_insurance,31,none,own,1,skilled,1,none,yes,Risk
997,997,less_0,31,credits_paid_to_date,retraining,1997,less_100,1_to_4,3,male,none,3,savings_insurance,31,none,own,2,skilled,2,none,yes,No Risk
998,998,less_0,20,prior_payments_delayed,radio_tv,1155,greater_1000,1_to_4,3,male,none,3,savings_insurance,33,none,rent,2,skilled,1,yes,yes,Risk
999,999,less_0,4,credits_paid_to_date,car_new,250,less_100,unemployed,1,female,none,1,real_estate,23,none,rent,1,skilled,1,none,yes,No Risk
1000,1000,no_checking,36,prior_payments_delayed,other,8022,100_to_500,4_to_7,5,male,none,3,car_other,53,none,free,2,management_self-employed,1,yes,yes,No Risk
